transaction_hash,user_address,timestamp,degen_swapped_value,min_ath_swapped_for
0xb28dc869546af81c5aceb348616c007695da7594dd8bc14f8a736897b775520d,0x9298359565e3Dcc910DaA344B41c40AA9e9f1f41,2024-04-22T00:27:27.000000Z,1000000000000000000000,5702149491177824632382
0x6a89b8fa97281956c99d49cfa5953f03d84587ab9e39c7db653f2b1caea6b10d,0xee397E65b422a762d40fC3201a2F1C4743fA87B0,2024-04-21T22:20:07.000000Z,20000000000000000000,108729842449941558114
0xdb20933846cb261339a48825cedfbb3529e9e033fcbfbbac0b9675b920f57142,0xe8d5F8f74d25291EA0B8C07667897c19745D111b,2024-04-21T22:00:15.000000Z,14999994987336821500000,85452996780055180703299
0x0edfaa86e541b5341d6c7944459af7ef2c5a3e8a782d3502947f258389d01c13,0x8a4a50B13Fd2cb36FeB96c408CB98B4c9F2b8F25,2024-04-21T20:18:26.000000Z,270000000000000000000,1433731550846949960745
0xb0d0969b7e5b48b48b280ff5fc3d5f54d12cf1319a5aeaaf8d305ad83e1d8dc5,0x8fEaFd5e0FCefdd2624906c0F913D563306aAe17,2024-04-21T20:05:06.000000Z,49999999738099603613000,270069572640470924390574
0xc9aa1e5b0a248521b28f1bff699e41ecc379fe0c07d778c4302332164b7961e0,0x32bDF4755cd4FC1aD3D5a5a4234F437539eb0763,2024-04-21T19:27:37.000000Z,14919970458300487198805,83305816429747528039893
0x3d317a6e7a51ed60618e92ea260d83224346af2682d3cc310746edc87cc17006,0x29d0679104044e55a21F3358f4eCdD2F362DE477,2024-04-21T18:29:10.000000Z,2939574086139889463660,18064689215009580102965
0x614846cb8741c9d8b50edb95e45ec8a1f52a7a22b2d8b7042da589c5c5127fec,0x4352CDe451EDa47bd2397C3591d13257589659E3,2024-04-21T17:02:49.000000Z,2424994996269455000000,14627997402898595229345
0x9ac3158393e075ef1993885b246d090e313796a767136e9e799d17ec7f34118e,0x400Ff48714395ABa449D5919660225fE8037F01e,2024-04-21T16:36:44.000000Z,164000000000000000000,990878335173093969957
0x1fe4fc625f8676b593a1ddb4fe1b4b861d15a992911a31b6f48bdcb881a2a42b,0xafb75CC463A6ad35D6Ed22c5dD47b23E29e9CeB0,2024-04-21T10:08:16.000000Z,6000000000000000000000,32980483022697329323946
0xd8dc54d77681fa6e4a70d928cd9a8e27f97f53aed46aeb7fc6de9394c57770e4,0xCa9CEa1D9c9809a832261DEB73ff4af0036FBCa7,2024-04-21T09:58:29.000000Z,50000000000000000000,300824033834516590991
0x329e5f87e6d7117654865b52d1dc7eac3919dc2c237c701e6fd8e92c0aba4451,0x294CD7Db1DA684d6aB241a885fd94dB07129a2CC,2024-04-21T09:29:04.000000Z,500000000000000000000,2999092407322977719454
0x1e9c214d83fde5972def0b688e73b35ecea3405d81fc1fa484f4805c4dab770c,0xD6cfB52041C3Da4d029708bD25bD487B015a56c8,2024-04-21T09:28:01.000000Z,1700647615492465012390,6883458956814470725587
0x2499a5f324217c8c2519bb04be1e074f05e8edf898d6003117a6edc706345635,0x3604D412ac580E3385b4b6A963D12bA02bf5e967,2024-04-21T07:29:13.000000Z,18605366890771008423,113362494711119480757
0x491accc310b340d42453452b4076d34bee8c559a8960f966dba08ff7bdf753f8,0x79B5a6A6740D2c8721fd567240a528328f830D02,2024-04-21T06:09:32.000000Z,109000000000000000000,694466561122524162140
0xe0804c1d074263eba675d8de6100cb6bfaa681224d3fdac65efa5e45321d6c9f,0x226A1Dc08c24E217DDBBdF4298d41AF4B4D47cA6,2024-04-21T02:48:30.000000Z,499994999895000000000,3081924483563105169974
0xf9f03c187c9413eefb25cfcee496fd9697d8fc03e95b5a1eeca35604bd561cfb,0x9090a59659F2b150CF9bBcb144e9DF78c0D7ba46,2024-04-21T01:18:40.000000Z,56035989999790000000000,285836146141654475487638
0x576f37fa93e721411e926131a73d2d7663c3882501aaf300b627d3924b1c6ee4,0x98232fcC48C747025B94E4bA29d95f7BCaFFcbd1,2024-04-21T00:32:30.000000Z,7540698899790000000000,43574706195264857275970
0xf85968b0c534c487894123274582ce1282060b56424a1479d84a51fb15ad39e4,0xBb7B10628633e9afEccb738c718CF62b0b7F19fA,2024-04-20T22:25:50.000000Z,548000000000000000000,3196225246322350055530
0x7662919ad72242f9e57b42984305d2acfe0e288bf07bc4fc87e9ed36da240411,0xcbB3E0543C9BD83951821f8B5a68575Fb4cd2935,2024-04-20T22:09:20.000000Z,195999998635260000000,1139115509311167176786
0xea5f4830a6e7d9e17b78ccf116ab139b46d1db47e5a056562315ddef225b7a82,0x13F750Dd96148E98bD87d3c123d4a2A77102f8cb,2024-04-20T21:07:30.000000Z,265000000000000000000,1330515152528787478520
0xaee4825006f883920a597d57d85e0613fd9537107696dca26d5652cb15edafd1,0x7035461e3abc0bA636F062C8D806a7715852D47C,2024-04-20T20:51:15.000000Z,100000000000000000000000,512263459476102648243171
0xfb2d2d3f384ef6aaef38e186ac5f687a5a48cb05f0474649b5bf2c0a5e759c03,0xD355729683eC8DBdEcF59206e6604D5FeAB8d002,2024-04-20T20:50:16.000000Z,10938432898634840000000,57219944632913941551138
0xfc5cfc4cedebd6c43ac6b3beb39821f6957bc07991557a78702dc8e84e9c0581,0xD355729683eC8DBdEcF59206e6604D5FeAB8d002,2024-04-20T20:36:04.000000Z,137994999448145000000,722995446466422110978
0xb83aa2d5cbd209212694ab47fb84d174dd5a31006a78ee8c509da10df933019b,0x83e36Bc67949514EF2D7d1bc77cf5EB79968d776,2024-04-20T19:42:01.000000Z,779000726929970631315,4202309210497940920669
0x2de7f0341fa8b74ca7b45cf136ee31545c66d1baf714bb5154ea6def89d1baac,0xe9Aa0C9618bfb58f63C324A11F6dc43220fC8fEa,2024-04-20T19:36:44.000000Z,39900000000000000000,209712389862877536252
0xe143f3510e361e383ddddede65dd9e1a9814e4334ad09b3cceb810273276a5f2,0xA55fD888E524479A30e798b5F5980962e3333333,2024-04-20T19:23:21.000000Z,100000000000000000000000,531491390313996873372840
0xaa2f20cc2599837e5297912be66943650cc1b9e0ea5ce1d92dae83cea6e877af,0x2EDE7660F310c62b318546A479edf496DF2E5d19,2024-04-20T18:16:29.000000Z,265000000000000000000,1381329638854150433740
0x77c0af1f94a24d48e2bacbd15e95e2be5223a19d2c1061165f3e90fec5b6df17,0xb70BE06a15A7e823d687Ef6b3792729D4b4B556d,2024-04-20T18:15:46.000000Z,4500000000000000000000,15703226330949167745105
0xf4d4bad1cf38873f670a443b594cc0a4401111b26d24d2f27bb3b313a23e2a84,0x8e14eEE30FDB70255e2912778b3DCC1Ecd5AB2B4,2024-04-20T17:42:44.000000Z,4000000000000000000000,18354281299988028589720
0xc5f1285dc9e0a83f46f773a7ad2e7b9cdcc4b591a77dd6fccbeb08ecdfecbf05,0x0b00a6F4430737134c7D8e32FC9318cEbd62B9e8,2024-04-20T17:24:23.000000Z,399000000000000000000,1861556712654913445746
0xe9fa190ec7a9d219a0899cbc075ca922291976ac7486887ace7818edbd418ab2,0x5259dAf51a4311637216Ece9c005e6f551114A4B,2024-04-20T16:48:16.000000Z,270000000000000000000,1273385875752527727074
0x1ebefc08fccf8153528a71df900faf2ac4bc55aa65a0c62c01a8a23c77e85346,0x74b35A2FD229534d71C67C13Aa1C075b96a1E7dC,2024-04-20T16:25:20.000000Z,174635640651680182204,807217103365732074627
0x68f87487b76a35c3313be3884a84e0e3f6982c8a731a05269295d63c46f8d14d,0xB9f9954DC0Ac82009444CeDA38F8b6e0538B2C11,2024-04-20T16:21:51.000000Z,4828988357380268410000,21961075849640324434972
0x209966daa895077e50a15816472a38e2cf7ead6d5a30c6e100df249c4048147c,0x0b825cFb066825FbB9164ab100eD973fbFDB86d4,2024-04-20T15:55:13.000000Z,700000000000000000000,3277160649296024285105
0x94ed7e08e05e6efad99bfd715cbc3b28af999ab1e4b16e2173bd5c8ace16044d,0x8E5d97337311d88D3BBF03aB7a6f99F5C80B5006,2024-04-20T15:02:28.000000Z,250000000000000000000,1244272883011436089341
0xab425ec82e1de2df6d87fcef4e9fca472f4bc7073b29a30c6e9c893d4d7fe0a9,0x8E5d97337311d88D3BBF03aB7a6f99F5C80B5006,2024-04-20T14:47:57.000000Z,20000000000000000000,99602810503141616804
0x5d6f183be25d52cbbcdb3bdfbdafd27c42130231f27f0e57edaf03d43a4c4292,0x9187a235c9BF67B19C9276D874Fd493Fa7c79654,2024-04-20T14:46:56.000000Z,162000000000000000000,806809876601859404168
0x6d1fa406f6446d9d9e37ba38763ca92ae9d2cbc776930d3187f62fef6adfa163,0x9D4F9F6e997f51fCAf6896d5C9EdB778Cb78114b,2024-04-20T14:20:25.000000Z,360000000000000000000,1792473119554581546558
0xee5d7fee6bce623c0fd3b8a38891813247dcc829b561c44bd4c0c1d4b5dc39f7,0x41A535Af3b7f1e5Df7c5A5B2c1605382AA4FB365,2024-04-20T12:31:37.000000Z,300000000000000000000,1535055970603911291187
0x6c22f5f2611e2593d37fea7af8f76f2d808f8e791f530387f2ed47bfb2b5c696,0xffc5BB3Ce21EBaF25648dEc737Ea96A2C1C38Bae,2024-04-20T11:53:52.000000Z,16500000000000000000000,81707626009010272596769
0xb20c6293a8ab4880cd2fd44dc8735c823b4630ccf6236b8f2c164af66b68fd15,0xbB54A1260A44D862523b8dc7682b5eBE36839BC8,2024-04-20T09:47:48.000000Z,10549128741713107145351,50406220357140541885030
0xe017c71273e0f8263c20eb55759e52343c4426abcbd235429ff27fb729546781,0x8B24b1686832757e2f6d640e11e88e7f0064594a,2024-04-20T09:28:18.000000Z,280000000000000000000,1400692235316426224251
0x3100ca6bd244c550a000d50b3c06d7740551e2e176fe863d7af086c32912c342,0x42111cF98b9d91A0148F9313e875D3610953790e,2024-04-20T08:01:32.000000Z,19000989999790000000000,96515173654536942795424
0xa379ee2ccc041ebcea320ec3ddcc29d7ee540f4017c4ec9f71925684b7bb0269,0xb42573ddb86b68429C8f791ED0F2B79d2ca95588,2024-04-20T07:55:43.000000Z,10000000000000000000000,51071591751428860886556
0x0168951bd10f3dbbf336c4fab8ec9529df8a7c186a8ad60f3f92dfe9412d5f51,0x3733a7e614383Ee460766d377f763d85E6A3Fb22,2024-04-20T06:18:46.000000Z,11250000000000000000000,53940304989498969569456
0x2609819a1a833dbc86257bca97b45ab7e3bb66d3da9de6aa9ff3084f90898a20,0x160372d2966C793Df52CEC2AE29F2a4A3F72974d,2024-04-20T04:08:21.000000Z,15000000000000000000000,73263088690925536449737
0x5aa2258f3643143b0f71b6103e9b0154a72bb92407f767fa8be1b478eb21bc9d,0x35a9A4fEde2f889e3E2d8529722a233B7A6aFea6,2024-04-20T03:05:37.000000Z,560005243894204347000,2587320024912101176818
0x4bd8435c84fcda2a9d6837b9c7f7435185031a0b784e46f01879ba8021c04795,0xc8583Fa45B2EeD1039c70D5D63919501bbc076B4,2024-04-20T02:55:34.000000Z,6148000000000000000000,28204951760965355055677
0x5bffc97711c97c8b2956c3c0e5741f44bf88878558990b645101485c6b18fed1,0xb9A966bE5C18Ea220C515ffd30c3B674D680E908,2024-04-20T02:48:33.000000Z,2333000000000000000000,10305992592510918286656
0xc06577cd5d0633f0dab598afa77312369ab6dd0c846f570af8864d317a8191bb,0x12615d86f93f58137eC12E40012cFc57543bEECf,2024-04-20T02:42:31.000000Z,130000537974052869139344,617180092688009978414334
0x136d1312ec5c50da066f6858ea939054de41ed5c4e474327c1942ade1f16acc3,0x585A22e32F077dbdcf63C598313356acDE257F46,2024-04-20T02:17:10.000000Z,600000000000000000000,1952562899598365062126
0x25718f17119588a0a100e8e4759f873f94d2c0e52ce14dc88ab4791b13269eed,0xb2d768011C9c599C5e90ce5D252c4164861f2153,2024-04-20T02:00:16.000000Z,400000000000000000000000,1384569023788182577042673
0xf94ef840de9ae2c387449d4ad115c283f48fdb7b463a77912a494dc3f8c9b1e8,0x51545deE0671B910b8F12de6760a83f781922030,2024-04-20T01:47:25.000000Z,10000597300886905273121,55498383547559069556207
0xb1cb4aafb16e87968fa6d3f483ba5fa80b9dffdf0bf185a8647ec28e9912eeda,0xCf33CED3FdaD5Fca68b2605C8788783b81259F24,2024-04-19T20:45:04.000000Z,5000000000000000000000,31242501792057923503521
0x74403e64ce7f3fab6b7cdf3a24647ee8abb97ef0fbbdec31967233a1b1f4ea72,0xB420daCc3A5F85D75303e2fC0F6E64CA705aeEc7,2024-04-19T20:36:02.000000Z,6700000000000000000000,42574684987355077738345
0xb550c8972a1b2fb19314e92c1cdf0bed285429ae8e9bf578b7cbdec7cfc2eaff,0x1CAE25A24e5aBA6759175620917001FF7Cb9Cb56,2024-04-19T20:23:22.000000Z,300000000000000000000,1904255907051911411668
0xd5bddcb849e489b8696eb1dedf7f6759c13a0927e2be06d47bb4b8e409ecf800,0x3b4998B2C5A386369336E0f4cE7aedA2DC876888,2024-04-19T19:54:08.000000Z,51450000000000000000000,340947138194854563644878
0xe67d75ee2683a4210e0b8556b8bfa8e8a2d378d189379a5543e6560fcb39dbe0,0xd137cbD64F1c3DE3eb7E14fD4cdfa87eBa909A29,2024-04-19T19:45:20.000000Z,55000000000000000000000,371808167999904375597756
0xd3d53eb9465bb19de845584c819fefc7ee7d02717faf50b7cbee895092db59da,0xB420daCc3A5F85D75303e2fC0F6E64CA705aeEc7,2024-04-19T19:31:50.000000Z,2551989997314730000000,18348812504878613685818
0xbc30ad4caef3fe04b04d68000ec883e6a34678a40eb0186110aab93e662531a6,0x374248801865eeb324A76ae9CbF5D10Cf6aA5e8a,2024-04-19T18:19:32.000000Z,10000000000000000000000,67127576604738336399599
0x7a9a4f85c1357a1b16a86835d5188fcfce04031e052506352932bcdce05c6d2c,0x00173C4cB23E6d876fcb036bA954A2F9cfCafA19,2024-04-19T18:13:56.000000Z,1737000000000000000000,11694016671307728332175
0x9f1b49d4bee8b265c5911544f2dccdeb57a5e415cfd48b99f0668be44064e38e,0xbd7bB0140B954427650868009d0b0B65fF7b4480,2024-04-19T17:53:07.000000Z,50000000000000000000000,348500795858669071549090
0x8007d47212ccb85d1b08181fcc80ceae3996ca1b82bac6d4132f9c3b30590a45,0xDC5b7B96dCf853a378bf7faaEab958CCc8DDCEd8,2024-04-19T16:13:02.000000Z,200000000000000000000,1574908134887537075809
0x0af5a99a7edbc35de44758cbcc6ec7aa952fa747050b29457f0ea7d4ac075d87,0x4702f25D0870fb2B3eFD50742d93243F57b7262b,2024-04-19T14:13:45.000000Z,10400000000000000000000,73233038704898535134954
0xf1818bf311475685088e185f296d9395af4011fd1694a11faa202fd69f1edaee,0x2d2CaDF39F7c1856fB15b8CB2d5A39808b2CBd89,2024-04-19T14:00:20.000000Z,4999989999790000000000,36097895810013223506020
0x6b000eb99ed19d4d9d0787224811a0bda24f0a82cf85d04c68fd466ea0934ebb,0x4702f25D0870fb2B3eFD50742d93243F57b7262b,2024-04-19T13:56:08.000000Z,10950000000000000000000,79305085504048456535269
0x83b12dd2cee7125e2e9d5fd45ba3618d38c789e28115ed2ec84847754f430d7a,0x153a62F346f5f6Cf59E3bA2F64d4a90f538D1e63,2024-04-19T12:30:54.000000Z,30000000000000000000000,238241231442972842357986
0xe62ff22fce0623854fc4b0a93d89cca0efcc231243a065d9118713d57d8bced5,0x47e92b5BAcc39Ad01d24BAc3C25309e4ee293c5E,2024-04-19T10:54:17.000000Z,99999998136378583000,737768758856502200314
0x99a6438221b40b9862735822e7e2d8bfa13602e107507e3f007b05e1659124d7,0x93ea112D968599EA0438F622E40bc6B6CB1b9983,2024-04-19T09:43:49.000000Z,12500000000000000000000,80625681967679075012588
0xda276df55563ea0f3f94ab9f8194bb885745cd91296e8a092f4222db68a59355,0x756094c13ae8699f0E12dD2C2A1556E1d5DaB067,2024-04-19T07:43:16.000000Z,100000000000000000000,694362927600695915231
0x56fc356126a51c00f605408552d8e65b140f94e36ab38b37da8b7bf8ed970977,0x21D90E6F18f3848d9e45F34BdB4dfdde3FA09D1a,2024-04-19T07:24:59.000000Z,50000000000000000000000,313570462337848142884630
0x077e89081a6360d85af1a133cee6f9c37b52a603234bfaf5bc3729e496889b6b,0x08DCAB1C92F2A2E3245940F116B225B575884697,2024-04-19T05:46:24.000000Z,100000000000000000000,674855677502144801237
0x13c0d64bacf191e2b8b150b58c2ebd7da1a85f98ace22aa5335406d416a631fc,0x62A8fA898f6f58A0c59f67B0c2684849dE68bF12,2024-04-19T04:35:59.000000Z,15000000000000000000000,106040437066155918203527
0xbacf122f57d2f8087443bde6e8a2d6e2328b366b253cfea4af1d4bd729618aa6,0xf3E22c9776a67F234466c4A4A54efb51cb414CC7,2024-04-19T04:30:23.000000Z,1000000000000000000000,7100188674693383572306
0xbb762fdc1c25e84914c6ee0b8b7098ac1838e51d84baa321f9da3b4f012826b1,0x76F2fB6bb1387b63AaC47978221C8aF78C0D564F,2024-04-18T21:05:10.000000Z,13017654772690007039939,97400469806532043072872
0x35ad6c5ab39c093bb91a8db193ff67006b353d70b9bb1b636b16aa341ebad46f,0x5D7370fCD6e446bbC14A64c1EFfe5FBB1c893232,2024-04-18T20:23:05.000000Z,815966109737755340903,5348658893539012057218
0x3137006ae875c0a1bf8e4d9edbaa705bd8eaf255e1ef35eeaee9ecf2dc6ac01c,0xA9B0299E8B2Ccf238033644bA11b412865d323ff,2024-04-18T17:33:31.000000Z,7000000000000000000000,33717198823774499504922
0xcb8a9e2b67cb1ac98ea146668b99351cf8dce229af8f549e4071e96bae2e26df,0xfCD24C638afA2AF9A3B6F291a6D7Ff954f0418a9,2024-04-18T16:42:38.000000Z,3698000000000000000000,20497511936515706605681
0xf6d8d92572507cbf22b3ae383a6694e864b5e5d10188c8dfb23e5a14b0ba1e55,0xd137cbD64F1c3DE3eb7E14fD4cdfa87eBa909A29,2024-04-18T16:37:34.000000Z,50000000000000000000000,297777826704374022879746
0xb52f56b1fb81624269d8e9070b63f057e2e66b8f6f0a04a87d6330e1b959c607,0xBB54599Fd5bCB34AB1F3BE9A69c84f06E80663c9,2024-04-18T16:35:32.000000Z,1060000000000000000000,4467527298067985326255
0x7fd00e7bde81252c7ac9650576926590e58f6acbb32b34e592f36df1eb02f616,0xd137cbD64F1c3DE3eb7E14fD4cdfa87eBa909A29,2024-04-18T16:28:49.000000Z,86000000000000000000000,530771570445850933666823
0x0a226b386e4f4d4394056158a0fc52e2a7a4b08587ab5b7c30275cb23c0b9d12,0x108Bd550A888B6174b7bB2f555Fc4006B1853984,2024-04-18T16:03:40.000000Z,5000000000000000000000,28132507878655279205076
0x2db94b12c1118a7c2628fd8bacb12efcd6b073b3443cfef6356cb6934b4dace2,0x41834d5Edcd47EC77ce38Cb14e1F92D1aE71B7Eb,2024-04-18T16:01:40.000000Z,5000000000000000000000,25620423741049270731282
0xc628223a4b3421676d481cfdca978e5c335355fb55e2a7185b8f29d549d74484,0x77572ED7b25a1C943737FCe46D96a33ab54BED95,2024-04-18T15:53:33.000000Z,102090000000000000000000,509123296698665475118154
0x398e5f4083bc7f58b5341bab4dcf7dad28e0632d988673fdd182de24fa23466a,0xda77b72781d9985BedBa5064736Da9138b2d6b8E,2024-04-18T15:48:16.000000Z,2600000000000000000000,14310900388025547275850
0x8316b430d5407baa8b4650293e62bc0d851d2c3753cad5b1eabe63a4f4782dc0,0xB63c8F6F2d1bd1ec17a063c422B4282d871704e8,2024-04-18T15:47:50.000000Z,1000000000000000000000,5511321701800761494001
0x2ce09aaeb2451314fd63c482075130edb4b2899d37960e155a0eab2bf0c3d793,0x77572ED7b25a1C943737FCe46D96a33ab54BED95,2024-04-18T15:44:52.000000Z,85009981962941513778000,506931797961113172937771
0x54338d19e4f14f8db375b99daba3be45b275ca5bc12f8a0658441e5af53651fc,0x849c35EC2613F44F4f3D8cCa9bBeAf22c9d30a2d,2024-04-18T15:34:53.000000Z,30000000000000000000000,182330499238894500555111
0x1f37b885245ed6e3f8c8ffe230bc50e1c331c360b9fdee94e4c50492177913cf,0x4590F5159338a5E55EeB331eF38fAc2Cc905D58e,2024-04-18T15:32:11.000000Z,4999994999686480500000,32008436486163027802109
0x880d73addf51140a794fe0a5e23fe41970f576c537d461481f0a8c03f65208f5,0x414DA4DbC1a4271452CB779f1A01d6Ba5f36Bee1,2024-04-18T15:31:29.000000Z,24000000000000000000000,149310323146731791152974
0x8a50bd59a4a0c376e94b5370bf5e03a4a37eb54f78e02ad7868dccbca8afc087,0xab48836850C30d62c74E62F9D7cDCBbbb7505E4e,2024-04-18T15:21:26.000000Z,1990000000000000000000,12092665285469901689994
0x766e0e3fa19b6e64222cb3ab6b532401be9c9abb92ce5301d91c579695949471,0x94224a635aF6841Cc148fabeA37881a7e2Cf9a4A,2024-04-18T15:08:05.000000Z,1500000000000000000000,9989853805786529211536
0x21056c8bccf5ed8150824786e20d2d9aa1ef8ebc3817efd92e865b4e25681ebf,0x7bFC664382CC1e392cb791aC3bb24dA9A7963d87,2024-04-18T15:06:59.000000Z,4940000000000000000000,28952449468379027134722
0xcd2e1a19ea4ad36dae5a1d5afa66c3bb111b537340c944d3ef86aee8ed39cd26,0x1EB99E87BC04420dC7B85C75dC8Ca62b0cC04bFC,2024-04-18T15:00:14.000000Z,1503022699549172000000,7558013496908856095065
0x6f467245aaaf512dac1935e7e392ad77c219b21b63062bd9df5a02e28696d55f,0x68c33ab30aa3265B218D2d24e9144C2461339de0,2024-04-18T14:58:02.000000Z,34560825649660377500000,175318470543465605304136
0x0f22f91c38beba842bd7559c5dc08ceb65245d88810dc92155b112ed8a262e05,0x185200Fd8aF75d1589A45b620e6182fAf697C223,2024-04-18T14:57:22.000000Z,5000000000000000000000,25618110590039090825776
0x3dd5c187c8d0aff0722fee70a098edf8370bda10222547487fd5495c362ad76e,0x9966b2c7dd5233E2b88004b15938627166434C86,2024-04-18T14:52:30.000000Z,1000000000000000000000,5452500020279051318415
0x39d38455ae1b57ee2fe33d681e20037dd66497d4c7c40d13121b4adbdec4507e,0x451248229712D6F207ff9466d8D3A33CB59d103c,2024-04-18T14:48:14.000000Z,540595731712882102450,3143423069007705091080
0x2ef35ece6a7f206499f044b071978c076851050f23098364ddbfa07f77739305,0x2F2F665974261C4129b1DC6c359BD259CD66f78A,2024-04-18T14:46:48.000000Z,86504098593280589112000,503920852271518922424403
0xdda6db5b888ca08a30067b1bd043cbf145d10365b24fdc807fd43cb7082a24b9,0xc49127a8DbAe860452E9327c5d73376c32404F9D,2024-04-18T14:42:05.000000Z,1399994999864130000000,8525844417784116217192
0x209eb0809768a193872ed1f1c4caabeecdbb414f3ea2646375e80fa2e8bac4e1,0x451248229712D6F207ff9466d8D3A33CB59d103c,2024-04-18T14:38:59.000000Z,270000000000000000000,1649339827506219333899
0xf60c637443f27335ae167a58584695db63909ca5e04741c607eef0edfb9b78ab,0x3ddFc4ecFb7b2cfcD84D0bae994b2E535c6E166c,2024-04-18T14:37:49.000000Z,922689999090545230000,5633138419302710241622
0x519a53f7ca7869f7a4a0c73cc3f63e7598019f6527f1ecc623a07feb7651bc39,0xcb6614e3f0cee9622716fc086eA783E11c7B1C0B,2024-04-18T14:32:53.000000Z,25000000000000000000000,154616196781294316826618
0xf2c104c2973dc8361671c245e4a84872b188139b48b95519fd9740e041594ece,0xC0518702224a9753de414ED075345c4296452673,2024-04-18T14:26:11.000000Z,3450000000000000000000,20674227367907505173168
0x1473b454816b9c6b62a142af1082aabc63aae6ca333ae9342aac58ef31908450,0xA46A3769e2a01B06cF4Ddf632a6309cA6f9995f1,2024-04-18T14:18:37.000000Z,50000000000000000000000,224916130207318865662540
0x288aa4b941af2af900a1057703e42f93388669d834cc90bcc77dbc841d37e58c,0x5e58A69d560d35228Db874E20F06C4DAA6443c93,2024-04-18T12:36:51.000000Z,7900989999790000000000,54756057289886501026036
0x687af2ec2a586024e032783e8827cb2b9e053ab41769270111fd6321e60cc706,0x3e6c23CdAa52B1B6621dBb30c367d16ace21F760,2024-04-18T12:17:29.000000Z,23218899433147958209313,160740552235555249662645
0x6ca0f246431c466631e2510e3024d9208cecdbd6ec5201ef234e1bddcd3f5f27,0xA161F0e1EE72ef12941d9Dd6E75fE94C143076b8,2024-04-18T12:04:41.000000Z,400000000000000000000,3025437497134829754794
0x91b5d64deb0a8ac6a8509ad7d2af6b1684d7cbb12bad7d85ce613aa53d770f48,0xfB90f690511194410cBfC6eBFD4C4dB070b77Df3,2024-04-18T11:58:27.000000Z,50000000000000000000,380287509728371778965
0x4f4d12623e403305f1082c5f2e3b118f1cb1d2cef1129563def6a2c0634a9764,0xC945795C0eAaB92FD63CE49d70b61d77B84F52cA,2024-04-18T11:53:25.000000Z,40000000000000000000000,281910463219885190918538
0xb253ff7b7924057088724ed22dfb6621cb9125ea077130825d4e18290b6346a6,0x4e98AbF61793eA40a8A0c740d9F450264aDC8909,2024-04-18T08:56:09.000000Z,119000000000000000000,924927808428994349449
0xaf1a3fe6a4bebbbc1c7f45368f3d7277c5359e376bc7175f1ca1a33f9e1fb099,0x0670921EaD81E1c164180Cdb9FF9ea68FB2ED347,2024-04-18T06:11:30.000000Z,158000000000000000000,996002161177090346465
0x8ad8a937f6e6150d2896884388c38cd4a7cb9ddbdd07910fff0308f71415453d,0x62B6a554FCa096BA9A5bD2DF1D566f79c295ABe0,2024-04-18T05:44:55.000000Z,19000000000000000000000,118173146097945862579491
0x286714b9a0343bf10e23e595b889e36c59817cfaa3253bdc483c22f36fcef60f,0xd137cbD64F1c3DE3eb7E14fD4cdfa87eBa909A29,2024-04-18T05:22:31.000000Z,30000000000000000000000,209681149235225306800800
0xcd351116e51c66bca94419ade039a67819ca0712c407d502b8043e98be785c47,0x6a7C7598020D3117B3A5ABF39A32a37b45B97408,2024-04-18T04:53:44.000000Z,59000000000000000000000,422114867699582002873823
0x988613f7a7eb0bc7b24f0d36482397111929a0e37417169934d55c1478c3d2d8,0xC2E17718CC001Ca44E421ecceF0E79A0257DE5Db,2024-04-18T04:34:05.000000Z,6800000000000000000000,60920363174498725026581
0x90dfada6e386ac9e6cf3176c5d386f582c405f8bd2d19a5a9c45e15843bf6805,0x6a7C7598020D3117B3A5ABF39A32a37b45B97408,2024-04-18T04:30:00.000000Z,39000000000000000000000,361679518574562459615478
0x2d82de6aed5327d8443496bbbf9d5ff0bc2e17b24b3880aeaa2eb631fe8560f5,0x62B6a554FCa096BA9A5bD2DF1D566f79c295ABe0,2024-04-18T04:24:22.000000Z,10000000000000000000000,94421132615064060322938
0x9d760feb240c66feb08cedb2a85a78e252af09474b5f375ba279ccc89d186db7,0x12615d86f93f58137eC12E40012cFc57543bEECf,2024-04-18T03:55:11.000000Z,30000000000000000000000,321838715398901564250675
0xc33ff37d15a7fb07ea61f39e8cde4a4f3d80e806e50401e28afaaa850d099a83,0x0aC1C1c174C0177bD7ec4b1067a2fc4563d39854,2024-04-18T02:30:13.000000Z,4900000000000000000000,55631969083158515591223
0xd9761663e8769c2bbb1ed0883f97b5d720699edbfb82bf9ef712af014a59c965,0xBDFD22E5828c6B95ae6F4376209786189a181E83,2024-04-17T21:50:25.000000Z,99999989999790000000000,1380136143654062780152551
0x7e32d5d20939f351dfda44b02c108ca0112d90836cea3c7b3a671bc93655d1e9,0x6194FFFfD4E1F957D7CB8Ab09D15BECD9554b9e2,2024-04-17T19:00:40.000000Z,1134192385270121373009,16304325970834197964525
0x05a8bcd0464557da493129e24a360acf6c79407eefdb6d9eead5aacb0e26d0d4,0xd095E0f8C72E22319846b643c4bac0caC1f67006,2024-04-17T18:56:43.000000Z,8000000000000000000000,115366087493933588967878
0x583c882cc1a6d672525fb33a6416272c098bd23540ebb48885c28964a29e8cc0,0xB89C44AA626F5591B0150F20B0aDb643291328Da,2024-04-17T17:55:59.000000Z,262000000000000000000,4377882737218365427709
0xe2e30b54b3567bc592cec22db143c3eb3b3fb20040e42823acb33e55f2449687,0x49a991399939238856B4E04E7fD02dd3f797dDB8,2024-04-17T08:37:02.000000Z,129000000000000000000,2250130605311223048571
0x1cc2045f9a87c7426bca80f857dc0b86a4921d268aa850294e1a1ba7d5c63200,0x1e4D20EAe9a8F2B928305FA3A2d5Bc9080A5bBed,2024-04-17T08:29:00.000000Z,10000000000000000000,174437933799846526506
0xd4465a3be2edf3876d478eecb71a14197d0faf7469bea853ba8190b51c5adbc2,0xAfBf4273f39C2Ea308811d0a1De8045c61CeE4E9,2024-04-17T06:53:27.000000Z,6000000000000000000000,104903371920501037836447
0x15a91ca9ffd4b0b7da47750bd7d2f84adda62a0c0e399abf071527201a6c4c2b,0x7798de64BE3eF3e778e83c3441D1cc30192B54DD,2024-04-17T04:51:30.000000Z,14306139078448464310314,209049129812745161500267
0xfb59afeccfebc93885156a00da6bf76991eec265be59414d6c62376afd8019a7,0xA24D30Dd8cEC57A8be66f7359c7CCed581Df29Ed,2024-04-17T03:02:21.000000Z,10000000000000000000000,138946148621309320600137
0xb6aae52842c3d31120efb9d4ab461d5df369ba3e899d98914e794527a554a763,0x2b49B00c70DFd2b63c7f54745884fd741445bb3A,2024-04-16T23:50:57.000000Z,20000000000000000000,259877976707375958141
0x5964fa523f8b79f7eeba1b0e376f3cea02ccde38221fd94bbdef36d9ab2cef83,0x67F9daf2997a8B868dCbdf9eeC03c4d0444B5395,2024-04-16T19:28:15.000000Z,66989244294029346710000,882446469098689526833367
0x5cbf8721848511b101be8e92c52695b38b8315cfb919725a8c71ea04907918ec,0xCf33CED3FdaD5Fca68b2605C8788783b81259F24,2024-04-16T19:19:20.000000Z,2800989999531868000000,37691127800523641571518
0x838f2bf53b415bca471373d05630be8f46ec0343d692db6ebbcf266572185054,0xad7C2120304f6C904897EbeED579C821921e76ee,2024-04-16T14:50:33.000000Z,1180000000000000000000,20000946488417107444750
0x1666a4c7a8732e9b089e50ecd19e7fe9adf9b99836aaba56b1a17b38e4d09fd9,0xaf713b47DA7b48E798895A649457725b5A42EaF5,2024-04-16T13:44:39.000000Z,186000000000000000000,3147368330137233227844
0x65a3c5f9fed800410c128695c721189d36316f49e2449aa6593c73a3f4ef0901,0x62B6a554FCa096BA9A5bD2DF1D566f79c295ABe0,2024-04-16T06:02:35.000000Z,5000000000000000000000,83585707793618233473445
0x8307efcc95ee54685dad23f85911d5a2a53c2de04436829eadac6797ba741287,0x86DF9583e9dB02A4687afF64d3C21149b87397b6,2024-04-16T05:09:04.000000Z,163000000000000000000,2780950552232046782019
0x43cc143d3e27a3fbaaeb9cbbbcb386e509db4e97f0589ac9984b0521dc54b1de,0x153a62F346f5f6Cf59E3bA2F64d4a90f538D1e63,2024-04-15T23:43:30.000000Z,10000000000000000000000,160526998594787117942645
0x4ae43177e2533284dbdc7716deae1be8594c7c145795a1a82e0f73ccca9b0abe,0xA24D30Dd8cEC57A8be66f7359c7CCed581Df29Ed,2024-04-15T15:18:25.000000Z,5000000000000000000000,147889791868843104234620
0xb6bc9fe923feaf62764af2f9b0a5be1fdf96c506fdcebb120c62295b051d9b28,0x2ab097F3ceFf1D061358215411ca6426Df3BFe8E,2024-04-15T11:45:35.000000Z,178000000000000000000,5536928935566889816807
0xaf4447edc2bdbdbea6a50aebbb70dbaa568c2776caeb23a1eb692716fc81a58d,0xcF389F7BF2E14c46b0F11613b30a347b43C4245b,2024-04-15T09:32:40.000000Z,167000000000000000000,4968713961955588231578
0x4d5f9ee3534493417064d9e212fcbbe775cf9269e35388dceae426a5462115a1,0xB6C0cD80Ed931E1EE48C2B5cF66F2971e579E29c,2024-04-15T04:22:35.000000Z,147000000000000000000,4412729434135066964180
0x75e4c8027f9ac5f26018c547babe09470cebd45989d7c57e420db1f967dad77d,0x62B6a554FCa096BA9A5bD2DF1D566f79c295ABe0,2024-04-15T02:43:13.000000Z,5000000000000000000000,150670506664945743307674
0x02ea8d5fd45262f0ffbdb08a7d0f554e96917942b80f6ad0e7ab71970d26e403,0x196EbaBF5CeD6bFE8AE74eef65Ae870c0C5F849A,2024-04-14T15:09:12.000000Z,234000000000000000000,7157613044240328968536
0xd2f78df0b97fb60247f500d90d86d54c3bc2fbd578d1eefd1844f4b72866dbdb,0x17D4183Ca6389b47423AedD56d09C21dd667b818,2024-04-14T03:35:07.000000Z,169900000000000000000,5499790163536834762312
0xe1cbf00c520c8a80bd510676de347cc4eb18cb0978682c894e55d63246d6f1fd,0x1DfCBCDfD3016D7962B02624C128b5BB78E93892,2024-04-13T15:12:00.000000Z,169970000000000000000,4042715022336896135187
0x58ef668e8fdc1630f71929778a4c73cffab64c7ca618ee47362851342320b982,0xD115A38Ca72731A250B9C410b19e53158bb8b9d2,2024-04-13T15:00:57.000000Z,50000000000000000000000,1292353021916449529273274
0x9c153d27dfdc2de7b2b0a8f29d3e42820f7703084aae20395d092a669bc81173,0x110Ad5A5b1cb10f429654591344414e1e46A0A77,2024-04-13T15:00:55.000000Z,1175750000000000000000,31084940119963711038170
0xc6f0a3f55548718867ce3b1ce6998873acb8e658afecba65a818fb7581785ae0,0x110Ad5A5b1cb10f429654591344414e1e46A0A77,2024-04-13T14:51:05.000000Z,338000000000000000000,8994399599976960794551
0xb593d02d77c26fcdbc1c02ab3649a0287117f3c4a725c3e9dfcc0a32a25a5169,0x3346857e5717918801428184d4e63dfb9f38E51f,2024-04-13T14:47:40.000000Z,38000000000000000000000,995165709331367640524210
0x5f6cdfacff583d5d184750eb30ec01a0e3bc8936bbe3e821525e6243e2eddb1a,0x04A1D663174E9FA4304C95c9386014A6067D0909,2024-04-13T13:21:52.000000Z,179000000000000000000,5306376973060051420962
0x8eef855ad86c27c389caa16f81ca90ca7d01213844ecfe234bd918a6da8dce97,0x50FF6Eb01eF07822749C38479E02aBa5935Bd03e,2024-04-13T10:05:10.000000Z,261000000000000000000,8220931345147788458459
0xad75afac7c1b9a541890655e4f87703d05776ba924674d0fd00226dbe8a50f14,0xF35Bd6E9e6E16fa80b57Ac854D83CF6A77ee5648,2024-04-13T09:51:28.000000Z,1000000000000000000000,31518204495904857172518
0xa5182b9ddfcbd19a773d43a1196918a676a85cc16db3ebdbe8c9c41b81363e09,0xf2E8f39fA9d0F2FeF42f7027064b97e64dB81345,2024-04-13T05:34:21.000000Z,134500000000000000000,4422572445227219422227
0xb0ddcd61c2a78f76ae6a351f4c2dd65b1a1d7c053b78b061eb279400924168b6,0x78A18DdEcDa44F7d298d9B37512ED8a7f6B226C7,2024-04-13T03:48:27.000000Z,30000000000000000000,1005195262593536126289
0x254770f4f3c9435b80e9c8e19dc88757448bdce3d43941520f091d86c6289f0d,0x09C860050b5FdE92f262dD40bD6A45CF62cC466C,2024-04-12T15:51:26.000000Z,4535040364878431730015,133502133979890970803893
0x348c8b4737169ced84d9819f5d23edfbd97bd2ee66582f68dfa028fa70fad462,0x83B31200fCEf2bC82dC52722aa82A32d2D83B628,2024-04-12T10:18:34.000000Z,142000000000000000000,4192787269557639975035
0x6d41b0e7effbd07612013d562718ea7ed84a72adff5b813116a65628699aef96,0xEa71A9e5154C64b3b29d4772c7D99e7646b0CFA0,2024-04-12T06:29:25.000000Z,124000000000000000000,3643028598328825619008
0x01ded1d750ba9adbe323c00c7848aa7695316e4852d47cb7d55dab4f650e9af0,0xe1B64550c0D43BDa5d33843f7da63bfDc702df2A,2024-04-11T13:25:39.000000Z,140040000000000000000,3959790489806977815006
0xa5d16a14358a13d6e346ca27173bfd516b604fefb1c71f677b5577af410927d3,0x17A09A59BF280D32149b72f83A0597502299c842,2024-04-11T13:00:13.000000Z,142000000000000000000,3881667014486783130172
0x82e6780d570bbd20922f5501334c607c562e0e3081aae1595f6dbd2173feb252,0xF4844a06d4f995C4c03195AfcB5Aa59dCBB5b4Fc,2024-04-11T07:50:59.000000Z,1000000000000000000000,28975813250394568994644
0x812abb11c988945c2e6ec0741566a7bcb616a5d92c402ddda89bfd2da3ad896e,0xb9A966bE5C18Ea220C515ffd30c3B674D680E908,2024-04-11T02:01:34.000000Z,33000000000000000000,1008060915941291033957
0x829cd5585aa696f09c0aec7fae15a52815b41e04f8035857932a7800aab0e43f,0x6D967cdE92b6490CE867519BD24f9Ea92475b38d,2024-04-10T19:29:26.000000Z,10000000000000000000000,227093807174424256524470
0x69383a60e7bc7eb074bdb5af347205d1298f510b6b49b9004c482ecd777898dc,0x57eFEACC68053a26e17fC16E19d98A489402A0d3,2024-04-10T17:35:47.000000Z,24000000000000000000000,594152291531335654399053
0xc65764fabaef1de36903983dea9fae329443eedc492324153ade0e7f25c035fe,0x4011C3A32E25B99C3eE0186dD1623E9f749307e3,2024-04-10T16:14:37.000000Z,1349998927219324608000,36872163052756907184700
0x0cbbbbf0eddc568ec6afa8b09ecb941a99460b712b6eca17d84104877c67fad9,0x030f69Aad28a64C6FC254f0679E71F0E751AB7A2,2024-04-10T01:24:32.000000Z,1433994999895000000000,33106326887762064267800
0x4d75a8de5408e3fb09614fb04de92eeb41decd8a74a5415f87da56ef81037493,0xb9A966bE5C18Ea220C515ffd30c3B674D680E908,2024-04-10T00:42:09.000000Z,444000000000000000000,9622582343319767533021
0x4d3015b568f7bd3e672b2a935b92c138965fb28b866d52b8d59c59c9f47e9a19,0x190Bdf4DB24DDfA983D7Ef09667B7d736738b881,2024-04-09T22:36:24.000000Z,600000000000000000000,15271576254236893322712
0xfb681577c6cf8600aa31f98201b27c31ccd4592a73ca06da8696a890d6e5e5af,0xaEff7539AE260D45779B0Df4089B837c2B47AD78,2024-04-09T17:22:32.000000Z,10000000000000000000,266793741432328171274
0xf68d8c7d096038e57f5f2c43da2124674ce9ab8ae6084b4b7d22b191ff8d29fd,0xad7C2120304f6C904897EbeED579C821921e76ee,2024-04-09T14:07:11.000000Z,966371999790000000000,23214784755294036578740
0xc737b6149d853230d2e97782d4ecd18d827fffe0a09fe52dbefaad0b412b5587,0x2EB96F3453C00517Ef534Aa172a18b385EcfF9a6,2024-04-09T13:33:31.000000Z,25000000000000000000000,604150477116762254595671
0x81eb3f11e386d4a0e83096ba9b57c385f5bf6ffe6b402f86636a21401acf85b0,0x9fdE1D8a54FD18752cbaa19Ef4C78c5BCc851334,2024-04-09T12:46:57.000000Z,362000000000000000000,8969459780705703225055
0x1e8fef645e98c3a4c9fb46e81721d4f443f34f67e74ec1b363ce60e63c5b1000,0x13Dd8b8F54c3b54860F8D41A6FBFF7FFc6bF01eF,2024-04-09T06:34:30.000000Z,550000000000000000000,14005967550664993634103
0x490e2542d673e2b2d906ecf81f45181b6419e78aa75f4b943caddd25e453316f,0xf5d3E9a3054D3b01Fef0942450C7686A4820d4c1,2024-04-09T04:14:34.000000Z,530000000000000000000,14153934920367337637040
0x863ccf2b42b98a32e6416f139928947bf604ca31429cc68b28dd0d384113c428,0x9d462b330685b2c8852405eE63d32bF3c55bE4c2,2024-04-09T03:45:56.000000Z,43851718121711953839268,1141847012452676957607964
0x87dc933a8e44a59adb1bfac647faf6a2f3b1c9afeb603819c9c68ddd631dbc7f,0x10676738Db9601C5AF144A17C3A48C8eBDA7E353,2024-04-09T02:56:11.000000Z,5000000000000000000000,144008759649696742175927
0xbd054fdb62934f37d3e1dee1b8eb37a8e52ab5179acdf52825981a8dc204c6bd,0xA4ce33B959Dd68FA4400AcAB1912Dd117a5D72f2,2024-04-09T02:54:06.000000Z,12499998734148255040000,363139440071519490586912
0xd57c55409e9e952d5af3a8384bc986c7eaa29d6fc9b8ae993d0e5b9eed07208e,0x195E7eeba7384EE9368F564B055da1A02895379f,2024-04-08T23:34:38.000000Z,200000000000000000000,5218465899358174262525
0xf8a5dfc42451e38ac23300d1d575ed9f6344df64baa65bcd75da07b717111b0e,0x136883B2841D7DE5C13EcEE65788FDE191Da5F20,2024-04-08T19:21:27.000000Z,24999995000000000000000,595850610236542930368501
0x4878e0d002eae8c8c7ca286d942d0a844d6c8236613c44ffbf99181cb987542f,0x9F0684ff6a8C91a1d64BD0cc5524eD4065Ac22f8,2024-04-08T18:03:11.000000Z,2422605318086495894593,50245147926903633260757
0x86fc85d3a42ea3cddf3eed09bca0ce1f0e0ef51da61aaa9fb21c91e6eee01649,0xF578b20020678Ea4D5EE3700A03e7Da6EAcc6303,2024-04-08T17:59:22.000000Z,103190000000000000000000,2045407808893713635705170
0x06a3ccdc5a9b15dbed09a92514aaef52ff7b32439bab4c6aaee92b4a6260aaea,0xef68A8F68f387377c71F6A86b7e7f98B8413471d,2024-04-08T17:54:28.000000Z,10000000000000000,226690714214213219
0x8847daed1d98cf080ee5105baf42c0c7ecc143d0458b94744ec9a59e2125fa97,0x66cBFA57C528F7b29606EDe42D01D6363AFEBBF5,2024-04-08T15:57:38.000000Z,9720000000000000000000,255714360932138045663864
0xfd6c666ddaaf44495790762c75195a50f5d87725b3fb9bcfd194555cae9614c0,0xEe0b53ac9578cBc6E0CEE0Ac6E18cfb7118b5cb3,2024-04-08T14:50:52.000000Z,19985000000000000000000,573720648453153060386396
0x470b58d5c9d4969c5178e974d3ee959d2d40394acf82fd21621423d75c4d6864,0xC19e51A53fD2457Aa4d3E3E811b5823750C9429B,2024-04-08T14:30:20.000000Z,22400000000000000000000,645262913251446575674167
0x3b63c82ba88061a4610805fa80fed10d0e244075b48da35243d4bd79a869d894,0x6Be866965ed76Eb23c44F38fa36F2d2ddce6B054,2024-04-08T13:38:25.000000Z,1500000000000000000000,44037562979826084201831
0xc18c0d4ee5be658295f095d204081522664371cb0e6629e27f10e8def48839c0,0x923A4675876DFF5aE3b3527Fde87Ab1B511e3267,2024-04-08T10:19:11.000000Z,8453300000000000000000,179524349606940030906125
0x31cada5af6301485839ee33bc3703ce3590cea1f20357ce4ff47201a0ef64745,0x449e41D4C08c6Da0f749441d0958Bea329a5206D,2024-04-08T10:09:57.000000Z,699000000000000000000,21508416815541231781334
0xc5ea0dfdf31b0fadabf73c7fb2f40878bcb7a6a74b295d2907a4c65e766e30f3,0x9e22480599947c131312a498c32FeB8F0b50C133,2024-04-08T02:23:43.000000Z,136700000000000000000,5427182775148684763355
0x4153bcd12719b6e2d1cfbf44a021d402f73c6076c2a62bb80d1f8a6d5d44f5f5,0x513922eEEb4FF03e52c12ac2D1BE68B580827d04,2024-04-08T01:27:12.000000Z,8000000000000000000000,319145175019718310618740
0x8a7e2a365d0b159371c1614f096c47f262a69344c8894585349f1b50aa4382a2,0x79c5Ab5A774d1133cB5c8fe949F49521829e02d9,2024-04-08T01:08:52.000000Z,5750000000000000000000,202353271450124272822124
0x9e8badc3af9c51e69a31af35c9a260bfceacc737ec2a2026e02b889c6971d46f,0x01B0Ff65E44012cfe329708eb2120d905F97210e,2024-04-08T00:56:05.000000Z,66000000000000000000,2782783936865045147634
0x6335b5c85324e97907769e11f5c8b6070367d574a803b52662d675fbadebfe9e,0xdB9678Ac90284590B7cb95990768692B192a1011,2024-04-07T23:13:48.000000Z,22000000000000000000000,951733678131084009477132
0xe7567e32038f14ef623dc5ced3ad50ae9dd37ae3cc0e7c3c4a343d8f61a9f1fd,0xbbCFC7227D5765F1C562Ef09CdCA79B6007D7629,2024-04-07T19:04:33.000000Z,1229029575778790000000,53696450023676850383347
0xe616eed28ae0f017074fc8ec12ec8231185eb96b5b2ad79978d5d986ccd421f9,0xb9A966bE5C18Ea220C515ffd30c3B674D680E908,2024-04-07T18:52:20.000000Z,34000000000000000000,1486598841845511113660
0xfcca37d8d7a6b6c6c88f01aebe786ca6181f44773bbff5c4f70eef9e0d443181,0x1157e6ccCb2D942CB0C7Ae135fd2E9fC0c6C8195,2024-04-07T16:54:03.000000Z,1490000000000000000000,62669797415296575103090
0xb0823648d36f525303c3aa3596483e972ebfb39f91a67e6d2e3ee5055a666286,0x3e0cf03f718520F30300266dcF4DB50bA12d3331,2024-04-07T16:17:41.000000Z,10000000000000000000,448418681694922989521
0xd8a7eef05e359d27905a3c993f523248db8401b8dd1751d1b50180124aef12f4,0x4011C3A32E25B99C3eE0186dD1623E9f749307e3,2024-04-07T14:41:51.000000Z,2138402523073704790391,96673890702589815284860
0x63874c1c00ddb5291e0d0b3d5dbfe3e4a34b87d1f71f751b20885fa24c7238e5,0xE64BE3E5dc9CE7ebBdEaF0Df29630Cbe7175C43c,2024-04-07T14:26:04.000000Z,6000000000000000000000,248966355744442595281161
0xc3b8bd20760c40b785cfb6f4278e81ef80a30f13573f02f606bff0c53975b83c,0x1e7Fe89e70dC5eDcF634Ad122A6B414Fe4ADAB1E,2024-04-07T13:55:06.000000Z,5599994577102976500000,237578179872152859950525
0x11a28e0324f24b74066ae2ed33092513a29b2cf8ce31bcac08546c8238935984,0x429Ca032B8762348AE732272724891f02559aD86,2024-04-07T05:34:08.000000Z,500000000000000000000,20671598421688621049509
0xa4adc460e8f9abf3f2ed96a867a46bbca0a9ba50f00d967b3a6bd66f9c5ce1d9,0xC555A8fCe18376A6CCceef405DaB6c35C0142F12,2024-04-06T22:36:22.000000Z,1110000000000000000000,28739678204599199157706
0x3f29302962b1d2fbc54ac5f20e228fff6e632fcb9e17211642a20f7ccc8096ad,0x8CcCA198929ED0B7FD6b16d86Bff954dDd1A5f01,2024-04-06T21:55:16.000000Z,2000000000000000000000,53913154158586565661614
0xb888f2aba90adf17b1120ec4ffb0f024e2cb7f1d5c45a7684843e53b2d87eb94,0xC31cF8a0603B55149C3a4A8036C44beA93FC096D,2024-04-06T17:37:31.000000Z,1000000000000000000000,19988487405388998877620
0x6c4f1d6a1bef6583e9565d1ee6a239e8df5d28d82276b17780b130501ff7409b,0xc35503250388b328449B65926A56c345e04150cB,2024-04-06T15:16:03.000000Z,1000000000000000000,21595829438769772991
0xf5c817dfd964edb04b1c8a16eb4afd2bb560ec367f611b553b21c4441ee00354,0xd94a69ba05C2f641F1e1B13A6ef94dE566F3D920,2024-04-06T14:04:22.000000Z,298000000000000000000,5723430900617744651101
0x52991d815f715806c1c32578f8e92799d2f58293d950dee2f373ad93e476acc5,0x81C50FBD4Da07395f9CFCcCF4eA3AB842Ce74195,2024-04-06T10:47:20.000000Z,800000000000000000000,16313774035654480441712
0x6dfadb5ad8cb4ca3d13723fa99a03863255326aa43b9c3bcedd5b91d8d324749,0xE04403610546807D1FFA522003B4Df53b7f603cC,2024-04-06T09:49:16.000000Z,375000000000000000000,7790654833777336871093
0x2c9c4ba9491dc72424424bafeb59a3ec2fded4ca9756a29bac3d5bd273fb7630,0x1E3cEe3567F1C1D6C237579529D92bCc8e06B9a6,2024-04-06T06:38:11.000000Z,111552000000000000000,1921621961218920067589
0x2555ef7dfd94edd2dcb65eef3bfc19fdfd8933d4eeaed23f2cd18716f2ffca78,0x46A0b9c21746f679c93dDE2e4dE528C901032A80,2024-04-06T06:31:36.000000Z,110237000000000000000,1941943306910136605991
0x42e04b6ea336c7320f537ba1274cb1bb207ecccc2d544d9cc46fb3cc3cb9581c,0xD21D9253036839C0669048889fb78C7FaE08291c,2024-04-06T06:22:53.000000Z,110884500000000000000,2023682201168553529004
0x487a5489a0e001ed7553b9065f14e0087e177e4ad8556710920322c1cebf2a35,0x6f796D57E634c36f487a6fa233A1f6AC522621C6,2024-04-06T06:21:34.000000Z,102441112000000000000,1869593498251333615771
0xf7482cfe556ac97bdc007fb8e167d653f2300d13da87cf69e63a50c4fa602cb2,0xAa1687c8A8916af7B1D5B5BB1c6cA1004f70f50c,2024-04-06T06:10:45.000000Z,102495000000000000000,1982972699533797151849
0xb732a7adc5a21a5435d276c0d523a79fc95e59131081bba263df26996b8e102a,0x1600901ecbeDF71397eCA88C16c3a8a0024cd13d,2024-04-06T05:59:33.000000Z,110000000000000000000,2098193576529361484005
0x9aecf40987c48d95a37bd53cc8f32aace937ca95e9abd8754d736b7d0a169724,0x2F73C28Be9220cc7D8A22CeefF323662948E13Fe,2024-04-06T05:50:49.000000Z,100000000000000000000,1915985572642982125536
0x0cb8354c42b75d963d53fac8c6fbe2e51d14cc58bd57d55263456c20446acb23,0x589056e31f173F8367852Bc88E3D942e46c6E2B1,2024-04-06T05:49:09.000000Z,63665963396258023201620,1091541565447875242212445
0x2537c3734e83b984acd893a8432ef78b50a3dea8213008dc16928ec052fcf656,0x6D556C519E205E0209e99fb992e86078BCF555F4,2024-04-06T05:46:36.000000Z,110000000000000000000,2214194322764756656774
0xb27d0268822269d173df6c03cdb95ed60eb52d045712525e7dfe74d6b2773b6d,0xAd097B4D01D88f48eaD9446eEccA314fF50DCf7E,2024-04-06T05:44:07.000000Z,13048676399727562000000,270979294769837449815991
0xc0f5885d87aa70e22daa406534aaa9ff1b0a2dcd6a343e298056ad844f4fbd24,0xF131d93db944dD4bE94FC7aF0Af53f690b276175,2024-04-06T05:38:16.000000Z,111000000000000000000,2331744727079383054576
0x96dbb3def49b7c77804aaba01a732c8692f6fbe12686ca9220618325264e45b3,0x817B5fc8279cD50f505A869C323b131173d8Be9a,2024-04-06T05:26:09.000000Z,121303000000000000000,2556364579183424852398
0x0e61b335c349e8843ea4add460d0d9e34773b49eba1180c67f9abe5f0fdec7da,0x3e216118a1AD550588BB36A29969155B45BDa55D,2024-04-06T00:48:26.000000Z,350000000000000000000,7150172073643775298407
0x0d23191405fd0a711d1f10ad6ce89a4dd392756277bd482c4452820c1540c382,0xCC634aD49a8685D5247313Fa26E961215c0bBF7F,2024-04-06T00:08:05.000000Z,43749994666784085500000,949094607043748481739435
0xcabfce89f9fa0f1c67af434006b143bc8bf737a1580cee107dca1b3e03a4a042,0x308FeCdD63233dB3745A2c10c9489CDd44A26e36,2024-04-05T23:59:46.000000Z,2000000000000000000000,43990466521408752472337
0x7b0c7127c65f98a1212f8c1c963afa424569c0dbf4425210631ecfa1307312d0,0x9D5C545d329454aB4Ea9fF49A4E77985b9599232,2024-04-05T22:22:01.000000Z,10000000000000000000000,222730179093405625561605
0x736abba7db1b543364b70c03c68e2db0810142596a5e169bc8457b97b790272e,0x817C48bB59e866d5baefC9A90d04a0CE4e7D543b,2024-04-05T20:47:15.000000Z,13000980321711708116000,294846516136332063490796
0x65d6226cb3abd26fbf2b14143f3e4cc991d750e622ed1b6a2c6ca2dba73861df,0x64C58Ba627111466338d4A06BF1c542dBec95209,2024-04-05T20:40:23.000000Z,73000000000000000000000,1808672844567611549889049
0x6c8f739a826c7add5cb6f4afd19ff6c3623e0e7e1b05fd07cf728948f8f2cde0,0x352b2F9947fF0e9C50A213f0E99e80b65044E99B,2024-04-05T20:06:51.000000Z,500168690021343832033,10591103594997729293657
0x8a02ba04422d09f7ca214df62c3633196a18999e977e051aceb77fb51eae351d,0x67F9daf2997a8B868dCbdf9eeC03c4d0444B5395,2024-04-05T18:46:42.000000Z,684494999398486500000,13215433295870273414660
0x2b96bb69dc735bee5ef02822c0568849d55889099b2d888a6c7dc8c8ac24e0a8,0x32241c3ACf2a121Ab8C9138562E15d4FE9e95067,2024-04-05T18:06:00.000000Z,5000000000000000000000,99481837407572692590686
0x882c7c9a3cd0cf536c64c4859df61cfc1ed2b1adfafa739535776844f8eb8038,0x14Ffa3ad2802F0d27f0a45589104dEaB99BA30D8,2024-04-05T15:41:26.000000Z,102000000000000000000,1197108855984239988229
0xad0cd223375de23620a34fa3d18d08fab62cd4f7c003d49808e6db51d4882f17,0x66296A7C889f5bA291064763Cb59531116bd9b3B,2024-04-05T15:12:52.000000Z,121540000000000000000,1426428594682837219474
0x619756d178a3ba67fe2e97b2cd483d1b1ff34093e5a513643e768162fcb02d06,0xEaf9BFc4dE8058dE9d235A12E26059aD4A8f2C83,2024-04-05T14:56:19.000000Z,20000000000000000000000,257688328248622605707958
0xba0e694c63c4e89fae92a33d48fe89fda3e6df973df5913b89591c7bf1c35874,0xc686815f26789c02a9a71800297f0F232e5697A5,2024-04-05T14:37:19.000000Z,324201264799367025240,4660448666265255447821
0x89cae659616b95eeb5a76a63e0b9c0b68504178b519aaead4f1b2d183d32406f,0x589056e31f173F8367852Bc88E3D942e46c6E2B1,2024-04-05T14:20:54.000000Z,61494158401327414061853,906774135846081081817984
0x705b6ff3bb085649a44ea4b4f34070be2855ebb59bab6151ed95e0e390bef573,0x5C02e2DbD2752260b3dcfA32A826aF3006f523Cf,2024-04-05T14:05:10.000000Z,15309340623996974516738,255393169464902032011970
0x753b3cf0555bfe3d5142f6aab26fe052ee70498002ced316afd008631ec49986,0x958cC3135f99dD1F1C75A437a110c525E1AdB79c,2024-04-05T13:52:53.000000Z,99989387017371000000,1811753058916358366167
0xebcf92830a89def4ad55b0a598b136e401113b87ce3df3c686687ded9447e1e2,0x893A8D485E9136A6263fCdC1663A0C65F03680E2,2024-04-05T13:47:27.000000Z,6300000000000000000000,115246325438815584954042
0xf727c143149c06d27be57fa0d88a7cb983ab0ebf7f3f1287be6467a66e90d525,0x913229Fe4a29B6340EcFD65c397D3209D451f271,2024-04-05T13:36:43.000000Z,110840000000000000000,2277062119272865166129
0xd4dbd1d82d0c85713b34ab454919946530aa566afb55646533df3a036403120e,0xD7B91C56B263C99c25c3CA44E18ae6B7cfD88c9F,2024-04-05T12:50:17.000000Z,2063171647787559232596,39683421374321262891187
0xff8e96925894987c569060ff2584bd54139060d1aa32e5947236d45596a5cc13,0x959A5ceA4E21774F9f042340aa01951913909681,2024-04-05T11:59:17.000000Z,9000000000000000000000,155217663961798219991802
0x543f1d5d9233aed7d7122c374cd7b2a550bc992c158894a6efe4fb1a525532a9,0x1eDA9140db22AD385F6bd59cb298BF83b0a004A4,2024-04-05T08:40:34.000000Z,13400000000000000000000,239935651618759952540055
0x5a6f4c40a84e9d85a107b843d07f59d15690c11def8c4ac919581736b946c85b,0x1eDA9140db22AD385F6bd59cb298BF83b0a004A4,2024-04-05T08:31:44.000000Z,499994685862606500000,9001262430516270949222
0xa222ebbe8547847a5ddef6f2132a3a5c9a9e6cacf96a1c9153d835b52aa9e157,0xc8D1ea58FE983EA4E8bbc6857f7f4391fC31ad3d,2024-04-05T08:19:22.000000Z,37994689277133000000,771979050316455653615
0x06ff87f1b0afc3ee4dfedadf693e1d22836a6d8a7b6d061a160578784c941b1e,0xd444c9101A30DbBB005913eE9c93effD8c01d10D,2024-04-05T08:06:26.000000Z,500000000000000000000,7907944273774179183180
0x7fcdb949383e925450d74d8c0c88ef0ae6aab7882536bb098083ab5a7a88f69c,0xe3FBf76065f788d85B14DC679fc2B63bf3ad36df,2024-04-05T07:33:26.000000Z,32450344159882563576926,652389771081407088237457
0x65642b3d9c34c7d19b3319bd01b4aa1a1ece35cb45801db62f7be6b9e8552a5d,0x4954e74B656E6b0686C24279E0e343611c439901,2024-04-05T06:18:54.000000Z,42000000000000000000000,836791852495484483405182
0x916ee87a5e85e95e384266f0aab4763a7c4627d5457fc8fd22f02516ef168fd9,0x3F699c8Dc899cdbf683b6d584468c2B39b3cc74D,2024-04-05T05:59:15.000000Z,462558313087594063262,9287441526783615433512
0x8613e6a9cca7544ac1fbf88d24a400ff60f33d98e48b703c667ca11635f73e02,0xbDCaD8330C9b6687E80DcC7fA16343a6bFBEf119,2024-04-05T05:40:48.000000Z,15000000000000000000000,283327746221513146830103
0xc8da5bc320b91c7b48d6fb12e7055e2ae09bdf4df065669e003ce9784d4de8ae,0xbDCaD8330C9b6687E80DcC7fA16343a6bFBEf119,2024-04-05T05:34:38.000000Z,15000000000000000000000,222807360566361246220520
0x9db813e2080cdfea056bda97bbe10ad0b51908ae9601e6db74cd83e64254f937,0xD7B91C56B263C99c25c3CA44E18ae6B7cfD88c9F,2024-04-05T05:25:29.000000Z,2533139099115801877592,34206994725739120996019
0xd71fc9448cf235bb391509816b6b12461ba9f5ed851b759133179baecd3a9385,0x7fa69b46955B0f71294EEBeeD82e3dA45a346181,2024-04-05T05:25:23.000000Z,111000000000000000000,1723550467069112926526
0x113405877b1caead38ff5c2e3f63b397a9a47db4e7b43305c6b3c0e2689656fc,0x8f621501De4E6980DddFecb6Eb1e398eA4699Fa8,2024-04-05T05:20:27.000000Z,129000000000000000000,2380116209256497731697
0x672db5899015632a4a2aa34e345ed76f44ad636c103b5efd36dc3ec4edc27e20,0xDe8dEC52d5D54f86341BE60c4f9AEFb44B780Fde,2024-04-05T05:10:58.000000Z,105650000000000000000,1508796271955607695097
0x63ebfe4043b44a09627edbb62f97a965741a870ef48b9ed6049af0f2f958c2c8,0x294388d7f62065784666F797ca6919a4B8CeF4ab,2024-04-05T04:31:20.000000Z,5000000000000000000000,87674521027919789322848
0x5118b891294266fc2dd41259233dd8eab7c99f55f53f4b87b9408deb41d7c08b,0x3E61DFfa0bC323Eaa16F4C982F96FEB89ab89E8a,2024-04-05T04:30:08.000000Z,1200000000000000000000,21035074825374457312621
0x3853b31d7025eb81838644dd1f12ceae17b43d52b32aec1d5e628b7b6fc95516,0xBF79607fBE6d004FB67E76fBa863970AFa781302,2024-04-05T03:51:47.000000Z,18588000000000000000000,280126152099342937190297
0x8d9dd0e91f4922fef5b5b8dcc3b83e9c3c9be09e0290e4351d252ac008abe47a,0xf1f57B31a953f8e481C5c8f52fe38600268dBa14,2024-04-05T03:20:41.000000Z,1500000000000000000000,20139487345612891853700
0xda79e62ff329cb1c8b16ee8aa9ef0a47a27ee2d5679297edb642b9ded5607189,0xA2c408956988672D64562A23bb0eD1d247a03B98,2024-04-05T02:12:04.000000Z,1000000000000000000000,10659060296691776815821
0x01f54b247b9ef3731981aeae5ec58bb504bac63dcf5bf3b334985b95aaaa715d,0x23d6577281917b80FA1Bb4F0DabD38ff55240Db5,2024-04-05T02:05:51.000000Z,100000000000000000000,1052424556638897141104
0x9d470b2865ef5aac7b6b2701874f8575d43ab1514ef49c1b3a3525b6b707d5c9,0xEaf9BFc4dE8058dE9d235A12E26059aD4A8f2C83,2024-04-05T01:03:30.000000Z,64290000000000000000000,538345101005963271327310
0xb0cc37e767fe452ab0bae2410bfc13ab356b69bd6277f55effe8fdd933c6a3d4,0x1F4Adc770e4819DE09a89bf48eD83B2490e21B0B,2024-04-05T00:54:40.000000Z,4000000000000000000000,37216721110340684815908
0x23aa7a58694c63192a2ddc07eb74200fd97a80c4cbcfe31254fef0aa35b29480,0x2aa6dEa3580B8d4192191D5348308A5CE88db54a,2024-04-05T00:30:57.000000Z,119000000000000000000,945901765429788537179
0x1f8a73132e9521ce48a488580b10894a0f797db377ce7df955c56f12d27e7267,0x2606E71C24dF0fBC7EddA656d0f3Be168C9d88ff,2024-04-05T00:05:16.000000Z,6500000000000000000000,66100543607743602022282
0x255af822cb579a6fc4a81dcbf2a69381c63532a9af5511d591d9ad7e30005635,0xe2bAd1E04c0b7E9d2D822F0Bd8f78ff97Dfc785C,2024-04-04T22:22:10.000000Z,1389000000000000000000,14775057838825425602934
0x81726d3f614f781b0070f1cb507385fe9ec2f1720341cb165b8431f6f587287c,0xf75b89857cD1AED40F5B9Cf39994775de25aD1F5,2024-04-04T22:20:41.000000Z,4200000000000000000,44721907868182093864
0x3b88d5568133ca0183effe345a7b45b88055b7e01294a3f36ab063bdac54611d,0x919D7E048c86b9d1413C4Da8457e7e84a4786b78,2024-04-04T22:18:56.000000Z,14920695475430300866955,159952762378018983396193
0x8d42b837e76c2e89a43873f351b7ff07cf2e0f85afaa3e1b352c321697a2f4ca,0x817C48bB59e866d5baefC9A90d04a0CE4e7D543b,2024-04-04T21:49:23.000000Z,13611983772258338027000,124616477978691017328405
0xf263136709f1ef7b0b828c16c4e58a770624ae92c6b104e7a117b9c28e25d6ad,0x9D5C545d329454aB4Ea9fF49A4E77985b9599232,2024-04-04T21:22:30.000000Z,8000000000000000000000,80027221489490218038600
0xd96a77163c3d946c37c18e304849b9809963dbf2274ff2339983ad95ca60f2e3,0x87D380E044d01673973CC6E3c153c32E7FD6D89F,2024-04-04T21:09:40.000000Z,30649998185968279796000,244543977261628121749644
0x73f3e5e3c5f732ef22ee508d95cc2a9e40171e5a0025ee375e7a308005b333ec,0x63E5c335d21E44C2E1d271E0fbbC32aaC9684BcB,2024-04-04T21:01:43.000000Z,11000000000000000000000,94898948758260465383110
0x9b9e8dfa19205bd1eec85baf1b1d922a837127bd6cb9fd8e7b9aec615f12c1bb,0xD6cfB52041C3Da4d029708bD25bD487B015a56c8,2024-04-04T20:55:32.000000Z,8127488995820712748570,61775388642559396608751
0xd705ed8d69b9a0a11fffdb8df2dc35befd9339758e0b797883609e5db67cb508,0x704c978d50590B21E4c2F43eb4dA24fe61FCD707,2024-04-04T20:52:46.000000Z,66000000000000000000000,565176702491988965419118
0xf09fc2f5114887aebaf5488f119c113a4e96ce6acf27ff422e77cecc765f2e97,0x5610bC64C143F0f104F7e65D9105863E5addd50d,2024-04-04T20:46:17.000000Z,4440000000000000000000,35409378080297446332631
0xbe9bed24bbd6b0a629167fc9cbd9adc5a76a4c947a334fedb060dcfbe560cc5a,0x7f9B48021C6E6AEF86C6563Ab2FA031BDaeEc3A9,2024-04-04T19:22:31.000000Z,1384333974877859000000,11774814957703366218732
0xc8e3cad3246df7a7a5a0dacc3a8991e38b564eadacfaaa41ff93ba141f544371,0xDEbd156d672129887b131b6CD20e925bac498925,2024-04-04T19:15:22.000000Z,220000000000000000000,1830635622873898811305
0xaa5581f0b26e7f531d4081e028bd978cb93175a110c01aab2377e2505985413b,0xEE23F4bc1671d048A8E592aABD0B2be497bCB5c2,2024-04-04T19:01:35.000000Z,10000000000000000000000,83618156514464757738173
0x3a259f0b269e572625f77f0acc0a41932ae28e518cb7621479a224d6edad7fb8,0xD00B8FFF8C61CA45deBEB523176A685AE0763434,2024-04-04T18:32:12.000000Z,500000000000000000000,4218449715536412267547
0x315d8b0b9a8e9efe5e6676c58298973a88c3a9145434567371a0c303b035c0ac,0xE80f1C60Fa94B36F451191775324E6afbeF6d768,2024-04-04T18:13:51.000000Z,83839911106477509449,712490059542881314751
0x826b4f57b2b0d4cfa3a9da24a4d8be8661f3be12e8a45fc41da26c6e90304c0e,0x90C8ec30aDd7A1c8FB7210C7a7ebd23a229F5A1E,2024-04-04T18:00:33.000000Z,100000000000000000000,749044672542090827910
0xb3972b09dd2283300fc09eaf063fb5743dbfb7e88c57315264745588bd478dc7,0x8B77b51ba1E9c2A6534349a58a6773ecA1fe7b2C,2024-04-04T17:35:22.000000Z,1000000000000000000000,7144204984089004132737
0x0fbc2a5b5a210c698b98af674f0abb8348394afe9cc9f979ffee5eb678513d69,0x110Ad5A5b1cb10f429654591344414e1e46A0A77,2024-04-04T17:27:12.000000Z,2500000000000000000000,18834761140274023336172
0x0d90e32bf790698410bfdf1d5157c99e2c66e1f0af72800d5abfc8cd0e6eb8c0,0x6Ecd42ed7d80F5Ad4101d74830205F14E88b6bB2,2024-04-04T17:26:06.000000Z,200000000000000000000,1522171776240784479788
0xd081d40e1d776ba663079d4f5a2f797bda8394469a11cb5deac35112f47bda7c,0x12d77a97771feEF275EA7489A7E4042AC09572ce,2024-04-04T17:22:22.000000Z,150000000000000000000000,1192128993014262811254780
0x21416b0d4d2196f7be4476f51896a0bd44e97f26c0d55cd6381914ecfa3d617c,0xFECE5618c38a06D6fED06697ec8D944073C84931,2024-04-04T17:15:35.000000Z,11850000000000000000000,104856975720843184810469
0x4ad8c5b7d99cdaf72fe12ed2a5f2ef58e6949e10081109ce134111da87ae92ca,0x228afA4A298fAABAb72Df9e862E1A68A5aF10D0A,2024-04-04T17:11:00.000000Z,130000000000000000000,1203645035629558397128
0x130cd0028856b4a42043a87bf7ec18148e378b22643b18c0cb0c3ab14e7519d5,0xB4e23Df16b64eC15f97fA455fF119c7a087D8F00,2024-04-04T16:55:52.000000Z,2000000000000000000000,19453461294462732062440
0x0f15b62d7dfd872bdc2fa08a013a6e6b3ff2adf86e5551e1eccc2eee6e70282b,0x807b755d5374769dD5282a05ebAcA84CA70aF607,2024-04-04T16:51:43.000000Z,2000000000000000000000,19441545420981632904906
0x3035b42205de7c2937af7d90b262bc6f2e6779b6c22ae33886b80478397ff249,0x710cA52e9a7a3E2a26999CAd2D9F38955403510e,2024-04-04T16:30:49.000000Z,458058877664787500000,4211555104815038563076
0x69846345d6cbd5f8f544c9695351b3f83147de9648827b7da0881c0d79ea541a,0xaE5B7A73DC4897A9B2364de52eAB73c63c60cB5D,2024-04-04T16:28:13.000000Z,768000000000000000000,8546209046148949786794
0x25ae2352f06c25483f65c56c298e177060b87d054cdcf1f31b52f3b1abe610f1,0xd81B7A2a1bBf3e1c713f2A5C886f88EE5f862417,2024-04-04T16:09:26.000000Z,319494881220535000000,3638743623482969263554
0x29032271ffc19f2280461801090412f7e0256f2beb3badba1a4ccfab27c7c58f,0xF9d99A25AC7F139163CE4CBBe67AAB40EE2ECA84,2024-04-04T15:52:58.000000Z,7400528519771928698246,79344530793433073633283
0x2c79595546cc08482832b5ac71cff0755b3113388569b3f34eb660f037c330ea,0x735fEF3d5b159036248BC49C71A1D65ea57cb1f2,2024-04-04T15:40:52.000000Z,1110924949752703021629,12530201108253917612404
0xeb83f186ebb7b5bb4a5110c5a94781eb07f608cd6007f069996fea3bdb6aef5d,0x1373F24D3befd99852cE80Cb54F701d073d0e4c1,2024-04-04T15:37:13.000000Z,10000000000000000000000,112801097253002600863000
0xe08d78676bb95cc5384b986486c1ff3b6a20939e482980023b6bc5d740779bdc,0x3EBF3db6E75b288BD7Ae99fF8F02AfD43612A830,2024-04-04T15:28:51.000000Z,12391967249896659300,123195055469218896578
0x9ac9c20415d71b5b823694a1037ab63d3873e2be71a735e9dd68976b88429771,0xbA55BDbF959DF826dA6c35487eB15FaD2164662d,2024-04-04T15:08:24.000000Z,30000000000000000000000,249918308473585864375519
0x2b9981a3087df5727687d24b3f7d9134cfea39b9042dfdf80fea9c5265508206,0xD7B91C56B263C99c25c3CA44E18ae6B7cfD88c9F,2024-04-04T14:51:05.000000Z,316653102324284396740,2531231361226558638042
0x409c5cd8555d292282a1bd73a0ea25083587d7c75e9b8ff275983d1151591b65,0x814f6BeFC3461A82853005C063cD9f34BEf76052,2024-04-04T14:48:37.000000Z,6999989293756287000000,62209642248181804904493
0x8ac65f614fa72c01f2d430e63aba5b6df92598231c34f4584671eca566cc07b8,0x990E1B3fa85eD89bE19862C8A426e8A84200e00E,2024-04-04T14:38:04.000000Z,20000000000000000000000,170141893239351700179133
0x9e94352cbb04efd55b2d65db217849a64510b1c1fd54dba4ae7a036135b97d64,0x110Ad5A5b1cb10f429654591344414e1e46A0A77,2024-04-04T14:32:26.000000Z,703500000000000000000,4111575612785780854928
0x31ba6023a4b2e90af1c3b62a3ba2dbff6bf3457e93f2a939ce86465926828123,0x978883f07213044fE62aDDcf1453647f657CEe61,2024-04-04T14:27:46.000000Z,22425000000000000000000,194387279354974638201528
0x679b2483e24847a33fc19e1726dfdfe60f46a7196305ae0495a34e0efd95bcec,0x7b1f82E244FB0340641c7B6af6CD5397b431e38A,2024-04-04T14:25:20.000000Z,5000000000000000000000,41341035407424742924434
0x548dfd670194ec9b8b7a2b9fd137ba7e3b3a175df7960d7e122b76e84b3aeb72,0xBfB7FA5a94d688D026584a61A21D07d9986E99b5,2024-04-04T14:23:42.000000Z,1000991371525189090000,8657807700320400696261
0xbcc3bc253f8d90a811a3b2ee811b85a4b94ccdf39e42c36c5d4fa199d87699bf,0x04413a264AF828f1861cCdf2EB1FE330f72248C5,2024-04-04T14:19:43.000000Z,3000000000000000000000,25598587389240050810430
0xf802c39ae9d40ddeb49d319801f52cfda6c243a17a672ecf2686db60072a7390,0xf3e11d89b07e738F31dE12e8D8CFa0EAc7867A37,2024-04-04T14:10:32.000000Z,1000000000000000000000,8364432828291643978980
0xc35341514aa51899c13e2e2808d7bd4054f966a5b3bd1d0e3aec5bd1cbb7c397,0xFCa81E643422b0eff435093eB26740be13A4e26f,2024-04-04T14:04:15.000000Z,7470625796530617856304,63478731517726722516006
0x35dea05ff7507dd0e53c6ea715b366e16d8095c07e13a13bef95f5e241981eb2,0xfEecb44c190C193C7Bb03044303c22807aD2f33a,2024-04-04T14:02:43.000000Z,35693989675950155000000,307240975138367275567499
0xe832e85a7b8b6badd052116c271bc42ec0791a2fc9f86835f029ef011636be1a,0x2F143CeE05f5BB2a15C2db55E31F6a9F9F81A5ea,2024-04-04T13:59:02.000000Z,50045200041252076221958,416780737216492074871198
0x6d2a9d9ed57f04fa2f917573692b898c5f99a5ccfe9d73fd5d40c5605be5b8d1,0xFCa81E643422b0eff435093eB26740be13A4e26f,2024-04-04T13:49:22.000000Z,4799993319346334257000,46277259554167688219086
0x139c8aca8e2783302c181eaefafdf7946e141db22c6c801840a2bbba924cd078,0xFCa81E643422b0eff435093eB26740be13A4e26f,2024-04-04T13:45:40.000000Z,99994799469952500000,1049771711272097722566
0xd086db5348b203fc0d6f85379eb0979ee30034a05214068ac526dccb284919b5,0xf27C10488B579e5bcD6ec8cc2922315c2d799c6F,2024-04-04T13:34:06.000000Z,3400000000000000000000,36716193300927941399093
0x08ba2feecea6e6076afb4eb881443868b17f36004e79a0fb4b9b58f154638d60,0xE0F3F550cfcDC3A7170d3e6179ABCb3Ee50F385A,2024-04-04T12:37:35.000000Z,103000000000000000000,1274133444124986979380
0xe949a87dd0e46a3a9db266ed1882484d0fac8a2d294d196ae725028d21abd9df,0xD51eCc14D3A13B0daf1D8CfAf69F24Ff2f771714,2024-04-04T12:34:05.000000Z,1479000000000000000000,17887451228936890572709
0x3f68f6ec2fd210ac632933b590d8892fae0ec49959eb06578c374c7057513d79,0x95b2Ea62D8716C84c5aAC6a3f16BAbb56AaBd29f,2024-04-04T12:24:17.000000Z,10000000000000000000000,107675082698294060922045
0x4afd603ab18867ded748487fde3c42447a20e8b5bb1cb9d0975a2c5a2ff6e643,0x339dF4c5223276473427C031Ed842d2A9Eec992b,2024-04-04T11:12:19.000000Z,333000000000000000000,3816659641309322526766
0xfa1bce51215d084a624161065c215277dbf7376ad723d63d65df1c8b53fd9a65,0x702bb9A93bDBC7541C0cadF0d6b1FDBa8518504F,2024-04-04T10:38:47.000000Z,2499997087413696308000,27106582579245652800831
0x2add04e55d57f5e5d1bb58d5daea1c7f8da8c4faaff55bd2ec64015207963005,0x702bb9A93bDBC7541C0cadF0d6b1FDBa8518504F,2024-04-04T10:19:47.000000Z,989595388065000000,11708242760057088479
0x528d935ac98c7242bafededabd21f4022579e8659a22c574c914f4e4f4422ce8,0x4FAB9Ee6A48412F8BcF36F45A2f6E29d70da8Ae9,2024-04-04T09:31:58.000000Z,1000000000000000000000,10657030711590109037495
0x8e99c79de1cc8a22e516c4c9454f43bfb678d4fdd78551f91b87954e7bb226b3,0x32742901A4EE5c7CbF87cc1bcDF6EF3794B8D07B,2024-04-04T09:24:33.000000Z,800000000000000000000,7742286361022592383273
0x29f19ed1f0ccefe1aea433609bf3031d6efb23fe0829fc5609fd522b2444dcac,0x46F66240Fc9a9a5fCb279c0F23eda3C73234E958,2024-04-04T09:21:42.000000Z,4000000000000000000000,42231074661054846965950
0x9fd58f2fbabdc56b8ec71ae411987ec3e0e24f6e12d4ff8dac5e7653e57e7062,0x378C5C837a9F7369ED0df18Aa303203e3120F66a,2024-04-04T09:20:21.000000Z,10000000000000000000000,111812761890830239529791
0x62bb5f9559844dd119978d9923a06dd5561b9b4bf214431324b47c452a36aee7,0x9750af1f935f68318BDA2Fe0F951fe2Ee64B86b0,2024-04-04T09:03:30.000000Z,23845000000000000000000,242448250453533794392048
0xfe89aac12033f773c49e4bffd7872a30dd98cbe9cee4ebd2bbc5b4ff4baabc6b,0xBF79607fBE6d004FB67E76fBa863970AFa781302,2024-04-04T08:48:18.000000Z,100000000000000000,1086855115848054669
0xe542253ee6b740ddd6291839bcf36e969b1b1ec88af1c424e31dc48e280b1ccd,0x09A517aBBad39895b0b538E4b16B2BC9ed58D943,2024-04-04T08:28:04.000000Z,50000000000000000000000,640649095188575392106973
0xc68948a8856bca0c30460e357d7406f08c94733ae4e34efee9f7fdeb47f6515b,0xea24Ba5441F85F71236596888206B6861914AAD1,2024-04-04T08:14:27.000000Z,3000000000000000000000,44225562792340416739539
0xd6b300baf6b9949fd4bb1b351155ff92aaf2334915defea43aeea9ec8962bdbe,0xBB1EDB8c64D7BaA322FADfD13d4A5Db96d02A2E1,2024-04-04T07:57:50.000000Z,20000000000000000000000,318605346867944461783282
0x1a2d348399dada727495d902ce140e4f18cb82b27266590da49f313bb2941f0d,0xa6EfE58bb068DbFCAB0B131BE2D51300e2FA38a5,2024-04-04T07:53:54.000000Z,2500000000000000000000,40322424109598670601415
0x97a233747dd6d73ea3af4cd104995122ab8b7d1cd90caff135bb0498bca21bae,0xB85C2b4d7f3FDc605e7C26D06b1A640371992602,2024-04-04T07:31:18.000000Z,40249994998435888500000,663204568004469382901094
0x2072d47ee0a0f603417c4688bf285a9f3ae32484e0336b79933f87dedbdf9f0b,0x80dc27F34321223D4B4EfB07De80894c35189D89,2024-04-04T07:28:50.000000Z,11000000000000000000000,185906941575287897643896
0xa42d792e75077fb7059c725c815933575f8115a8d923775e6bd77457955028c8,0x0caD26c509F0e55d81A6c4483080Cd969264D72C,2024-04-04T06:35:22.000000Z,2600000000000000000000,42305502943258684183289
0xdaec5d29877f5653755c8c1d6f5fa91df8538997414fa80891b38bcef6b01f93,0x9303b92779323C0b59C7701AA2911014Ab7BA01b,2024-04-04T05:59:35.000000Z,5000000000000000000000,99112909892644946775290
0xdbb4141dfa9da79ee8f1d1219cca4d284ad06ddb88e886b12d3e3865c8958f01,0xaD385b74c72f9E2e39247236c6C110E90562145E,2024-04-04T05:56:35.000000Z,2000000000000000000,35598520727327603843
0x0ccec4d185ae373624ff03c64170893614f56ec8444fb4e11416a37ad6f5984e,0x817901CDD0fE668c713381bd79FDEfA5dD1C4956,2024-04-04T05:53:56.000000Z,24999989999790000000000,524730098703724037338019
0x784f771673be0abe1639f9d40ebd7215fab4db016f925a78a32a1673326e7249,0x04D0A67Aca821a15aA8bf47FF3Eed56a48fE1EeA,2024-04-04T05:49:50.000000Z,1000000000000000000,19319480723255406783
0xa9514224dd2ac41b68b054eb438ee2ed354e7a96a519c6c64b79a4757f2d5009,0xDBdDef91Fc638AD949D5D6121c5b7c42C06CbcD5,2024-04-04T05:45:50.000000Z,1000000000000000000,15364710742399393654
0xfdd6204ca8b9f77e36b43ad834f6896a9c125ce664db28f3141c8d266e60eb39,0xC982cBB182FD5dcE350EF184e185DD5EFcD2965C,2024-04-04T04:47:29.000000Z,1000000000000000000,15499555032272051764
0x3b87ab113cb09d097ee70cba5f5143f17ac802c71cbb4cfd6c8dcf89acf85fd9,0xC42008F4AaDc0b487F214d738fCdCea1D0488e9D,2024-04-04T04:22:08.000000Z,16702822637709897527061,277640417426571452173606
0x46127a65a39eb186cd04ca1d9bf182251bb4203ac3cc43fc2e2ca887a508820a,0xA9A088600Fb0D0dD392445cc6328f07D352f59b0,2024-04-04T04:16:21.000000Z,500000000000000000000,8153260788679137103869
0xbdbe6f5298cfb700a5b2e6d4ea8416b295d12ff1a1337d21f7d66a44c315f88f,0xA9A088600Fb0D0dD392445cc6328f07D352f59b0,2024-04-04T04:05:51.000000Z,440000000000000000000,6731918538585271853106
0x5739d6fbfb06e4003b73d06b862137a4866e684bb0ecdfe8802681d494961748,0xf53E6A342027067Dc985d4E37B4e8C3e3CBF0A8B,2024-04-04T03:50:28.000000Z,300000000000000000000,4601747499801291464547
0x68830c3c1a2469d7ae5b38ed80356f2fef6fc204009ffac57aae620eafc73c0d,0x02beE0a17903CC1F2f48B4514ec23AAe547FE4A3,2024-04-04T03:38:51.000000Z,20000000000000000000000,349384468544029557187900
0xea7fb61a76a16be38566b6fc6047b421af95bf2ed34f1b99f21599b3fa13a27a,0xDF4DAcA3B024cd440a069C16abD1d640BCfBf94a,2024-04-04T03:33:35.000000Z,7500000000000000000000,129894005401185717840845
0xe488c69f7c7281852b3e4c6e3b6d7881fbfeaf5c8169246c516566b5643124e0,0x07227925a32B9Ba9C367068d702B539D0798d1Fe,2024-04-04T03:22:38.000000Z,30974000000000000000000,561763178700602073475654
0x87d46bf4dc427e7524a8e2030e7be474d735ba8664c614a05c6f5158e979cfa3,0x98421536D9DA38a5E3273f9dc63051e3ad1Ab698,2024-04-04T03:16:19.000000Z,10000000000000000000000,182723102659045020506447
0xbdf6c2d35489ec1bfc526b7a4bb82ebc4361aaa805f8bdd258ac74e0347cfd1c,0xE1b7A3980498830f158C22b844f663b4ec15CF62,2024-04-04T03:11:37.000000Z,300000000000000000000,5204275716678419097279
0x844d39039e7ae7eedbf2ac8dd9088cdd569e31dca4086f346c607e4248e07618,0x5F4dA4B6118142E93F9903D3941FA3d2928219eF,2024-04-04T03:02:07.000000Z,12000000000000000000000,216041130330793472845302
0x9f3238cfbc991c0616e2257b7bcc490d76722e80b15cbc6e6b4c7afa4c884dc6,0xFBf2A4DB9aEf5757f3a758859a9132Af55754fa3,2024-04-04T02:59:36.000000Z,7500000000000000000000,137424681356697911423402
0xfaaf15a4f5465a1d8ee8927346a1ec0e4ef90ff41f86b9e6742c07355aeddd31,0x09A517aBBad39895b0b538E4b16B2BC9ed58D943,2024-04-04T02:57:43.000000Z,37000000000000000000000,699643979071611992062400
0x25893d0ab211f2b8567511195cfe47e93047d84c11b26463cdacfcdfd7692de9,0xbEe354505eFdc3a36Bf865E8d0F04A9DB77A551F,2024-04-04T02:47:44.000000Z,2067223722158470734568,43154452172965037645795
0x1012ae046085c65114b61d845fd610f2197a8ea56a4a0d7112461fb17e04cca2,0x4b279c7f6A69C141eFC9c62436aC4E79D095d775,2024-04-04T02:27:37.000000Z,10000000000000000000000,200595426817666866745445
0x88730379fa1af3abecc3eb6df4a66e9802ee82b0809c8990922dca2bccdacdf4,0x1B285cEAB90316e0Fd3B2fab13cCc14F2c7ecAC7,2024-04-04T02:27:35.000000Z,500000000000000000000,10134946986352485806270
0xa1e4ec869302058133a78833d7c88ef171a22eec73920698e07b98ca832580ef,0x1F4Adc770e4819DE09a89bf48eD83B2490e21B0B,2024-04-04T02:23:04.000000Z,16000000000000000000000,294224250053716630551048
0x1529d8d3256442645f3ca77f4f1ba1a90ae17eb1d754c39d8e1c9b6fb58d2066,0x62Ac80F6A4cCf3023AE4083aEf348C0eA6424187,2024-04-04T02:18:33.000000Z,13000000000000000000000,279033853553492055780642
0xb6dd6c3cbfb6cfc4132161022882da1c05b7174b67a604e2941c3ce2c03a27ae,0x12D81eC2381b8C462dC892EB28C56A5709Ff460D,2024-04-04T02:10:43.000000Z,1000000000000000000000,20841699587622828780805
0x189a7868d51cd167ea52f4b9487d714c33341edafd1f84dcd37fc59a0b2d6786,0x1B285cEAB90316e0Fd3B2fab13cCc14F2c7ecAC7,2024-04-04T02:08:43.000000Z,400000000000000000000,8968295669094677961217
0x1ee957c5bd2479f31e09c6a7370e0521d879b5c51750d17ca0201179672f349e,0x2A3aC6C015d110Dfd48dDECBcff77aAa0858f56e,2024-04-04T02:01:38.000000Z,679757445767545077308,14866929029854578661397
0x570cc1e7249901e772cd0e2fc455789cb378283139c00d07f7d8b97e5a218066,0x3Fa5151C7F116315cA59Ad5B6D7df76918a37428,2024-04-04T01:57:56.000000Z,5000000000000000000000,118353003801881527308176
0xc6ff45773b91bf843993f06f5d8fac6bfd3cf8ce2ff36abc50c55b405e899c5c,0x5E190617C7cfB30C3C87dd55920e117280D3F8E6,2024-04-04T00:43:12.000000Z,1900000000000000000000,57130632666344454609079
0x4f5d253e084c994c2dd56d7b707889caf2ef7fc9a90183e5b33da5f70a1441db,0x39f750B4b190D89F968f0A0707547cec446DfD30,2024-04-04T00:36:00.000000Z,600299574619084807940,18511622210596359811074
0xf8bbf0edfad4582ee6fb0d81825008ada99d87c65d6eab29ea60c20bcbda81c0,0x3890edc059430C435933903b81B978Cce2fA0cc9,2024-04-04T00:25:58.000000Z,4000000000000000000000,125351312486295205773057
0xfcf447dccda2fcab1b7b4037ecb30ab78827865d5fc95b70ee1f59e8bc95f75a,0x2cFB2f5e6A35C35fEef46D209c6CDAf2dd1B2cdE,2024-04-04T00:17:34.000000Z,200000000000000000000,5743964889936980385374
0x1df53f083a927e02e715294215d5fdd42ec30f243dc46667ae692069d836d6e1,0x429Ca032B8762348AE732272724891f02559aD86,2024-04-04T00:10:49.000000Z,235086631555744402245,6682665762006020800415
0xfbfc28c9bf3e4e747e4b1e83697d977206ea6c7a163ed440572fcb15041895be,0x1341df844780b66AF4ccC98Ae0F34be87eABe1d5,2024-04-04T00:09:07.000000Z,250000000000000000000,7113681667968514521884
0xa4181b594daefeab66d5efc6ace48ba5955c23645cdd3fe785822dd938c0eaf5,0x165Acf5aA194C9Bfc54ea562a782D6E00Aa62C62,2024-04-03T23:59:04.000000Z,2000000000000000000000,59688192087436079064404
0x4a7fe422b20e823a02f18c854779455abccf2ac826afca517dfef021f5c13f9b,0x55BAf2C6bbb75fbfD61daeb417EfDA5AdAc25e5E,2024-04-03T23:57:29.000000Z,340000000000000000000,9728751296131885122715
0x4e5fe26e5d4997fc2a07e17a6efce34205ea6b0cf8a1e98c181e7546bbeeb14f,0xBb60E6fe9A53ce1c736c19509cEcBFf5eb817008,2024-04-03T23:25:46.000000Z,15000000000000000000000,437142724211762609130286
0x7a2f2504011a179061305cac3a9277a4fa27303bbd6145b176c64ef41c30c4f2,0xF8508946af6FE18134eb227C6Fefa48Dc526eb67,2024-04-03T23:24:29.000000Z,2500000000000000000000,73501048470245357591292
0x203d96c650d40bed1e2f66452a5c3adcfc4a83296181459fb97c1797808b0cac,0x3D432027C11f17bfD03428ebe0351CB68125226d,2024-04-03T23:15:22.000000Z,2500000000000000000000,64006860956032645380647
0x2d9d4d4cb9ebe7871a13a56b3d05feb63f2e8be9750f25175f823f6890370f1c,0x16AD81285cC81f046005891f250Fc39580397946,2024-04-03T23:09:21.000000Z,1000000000000000000000,24116819549749595292528
0x8a1150748df5027482b11789763bdac1e21f830b5b9180ff038101ec905a9c37,0xb81FD00a9b843243139a2cb6C0E7D0Aa3249de29,2024-04-03T23:01:51.000000Z,10000000000000000000000,237967823899324949096356
0xd1db09e9fd046b4e016383bd2d63926e36b2d752158c7fada3483b6780b373e4,0x5Df10c40A2279799F90a7b46b9de3e2D1EA8A9e0,2024-04-03T22:57:11.000000Z,10449000000000000000000,230734116607221850755719
0xd14a82d4c8e967b265d0c67cc0de6f4c9bceef116c30e82db38692dac70f5da1,0x45B908be435903d8FcF52D6821D84650329C9978,2024-04-03T22:50:55.000000Z,500000000000000000000,11143223151846797443786
0xd055d3e9c6057796ddc6db932a2a335a279cd46070fdeb8fae1677993feb52af,0xCC4B648EFCDA3813C56Bdb7FB7C450b6d2c6db12,2024-04-03T22:42:06.000000Z,50000000000000000000,1228108923917873207200
0xc4aba1883091f4f29b99f16e9c05a41deddeb28c0bad7e7d4875abd4bf791207,0x813B67397c460DC604D795f2EE0024835F3E37e3,2024-04-03T22:35:28.000000Z,16766000000000000000000,431418383303624480961677
0xe7eb06e4563b0216cac7760b9507108420e12da801f6ac82e71252d192f568a6,0xb81FD00a9b843243139a2cb6C0E7D0Aa3249de29,2024-04-03T22:27:41.000000Z,14900000000000000000000,389388068802237961189456
0x32bdd36d3964059a17896c730d4fbe775632aba7e718750cd8bf50f4c6c8d22a,0xBf6f733534F313c4848a44FaB9B181532480B1e1,2024-04-03T22:15:50.000000Z,98986852919840000000,2210146184388929280590
0x90cfab0dc4ecc1fe2fc42af4285d3abda71d7012a42069392cd733a903e0f0ef,0xd2C97Bb640241A54dFb9126aD83EE9BF6e12B6bD,2024-04-03T22:08:40.000000Z,105000000000000000000,2546995182995619183995
0x1d9b83362630e093dd52242132927897f92a46e57e5d0f4d1d4e9d79259e32d6,0xE62191bed11F60b7B85349cd14A3C97c242E7993,2024-04-03T21:42:17.000000Z,179493421535693000000,6191332507148920865308
0xf971122902dd42aae0969292a235126ec1de8941fa7715a209527695bdfcf2d4,0x60299f7a96bE158EecD96d3248C3050c395Ec102,2024-04-03T21:39:26.000000Z,1000487103582192487000,38962331888040396444703
0x86a50a583c8ed4c86c209911db71e8b2a68947759dcbf9c3f07dc2654c3588fa,0x5Df10c40A2279799F90a7b46b9de3e2D1EA8A9e0,2024-04-03T21:36:39.000000Z,4399000000000000000000,170227934258547783480557
0xbb74a26bab232d2e18032548b254f3f4e67048b618c807880260858ed5ef3d15,0x28ae5FF04bF17A62EAeA162882C3Cfa00502C730,2024-04-03T21:24:03.000000Z,1500000000000000000000,51797475594449738055188
0xe3d337864d25fd72b5d79a3160942382ed769d0f14a341e62fb5c52ffeee0300,0x0d1D380F8a3D02Eb22b39b58a661031d23b141A7,2024-04-03T21:19:44.000000Z,1025974727779008849014,31230876201262289184563
0xe553615a318e1fe473b1863f7e32b46f87b184d88223875b5caab8389649845d,0x9897d2D8b4ba8FDfF077C511fE0eD0e946E91F1A,2024-04-03T21:10:37.000000Z,490000000000000000000,12492051165522550516970
0xac3bf701af39445181783120179582aef582b9195cdff338364295c1aa5f9834,0x02a6465731d23CeDBeD11674ADC17C6b6FdE8Eed,2024-04-03T21:07:39.000000Z,50000000000000000000000,1407201989847983260205493
0xa777f271f3f17e851067a32385db8f5cf9304d28bba1a29685dfa978f62dfd55,0x87428d714088E375F790C9b10d1b160A269022E0,2024-04-03T20:58:15.000000Z,999991228316385925000,30454400737852596255824
0x6ce025814a04243023530c3df4218baef25315403004ae13915a375a07858c97,0xf13854D8848895B86f6E24479c448B3703334f5d,2024-04-03T20:40:45.000000Z,50000000000000000000000,1387140684992731018432501
0xe775264573d01a22678703e104b0509379ce2aaee4b84bdf8e7f8f6c4f2246f4,0xFA8689e211BcBF944A078945F3d87aA23fe43e56,2024-04-03T20:05:07.000000Z,24600000000000000000000,526889874476226621764013
0xa99f85a36510996e571c76869b63afda2622a6caa4d538f7e3c1230051c04809,0x4421941A1066dA54c895279C3bb090164AfAC76D,2024-04-03T19:57:02.000000Z,500000000000000000000,11684086030587569243145
0x7a3ba8222f601c503a8cf41e10685f17dd5c94be6059d62b0e023e65ce4c21a2,0xB645EA519d3bb18A03Eb0E059e5f6A70A793b4fC,2024-04-03T19:55:13.000000Z,14000000000000000000000,333004588475729197383314
0x153502379de012e39d0274a8ca72e31ebe77f6de7ed46b0a5d4c339f2efade24,0x55BAf2C6bbb75fbfD61daeb417EfDA5AdAc25e5E,2024-04-03T19:51:58.000000Z,330892115809958817260,8225731575986166225721
0x693cb5dba1269e7bffa93cd9287b1698168f661e2b3130daa0c467437498c220,0xBb60E6fe9A53ce1c736c19509cEcBFf5eb817008,2024-04-03T19:44:42.000000Z,20000000000000000000000,503217786245355095328335
0x00c13a500a6198a4ee053c87b3478d0165f71fa441714a738292fcfff424ae41,0x61684377222325b5EE02916F35B5DB0497798deE,2024-04-03T19:44:09.000000Z,2700000000000000000000,69303796549312498360226
0x4b7a3c9d8d58dd1e23133ce3a96b3851b530a8504c233da97ac1ccde33549bde,0xFA8689e211BcBF944A078945F3d87aA23fe43e56,2024-04-03T19:39:31.000000Z,20200000000000000000000,492298334268558237176238
0xe1713601353048845b59bffa491d43c24559cde755538d792637743aec57a415,0x88b01299CCaBEf88442991c5E097C4D8A3c75f13,2024-04-03T19:33:40.000000Z,10000000000000000000,162811557407665015589
0x519312f9f2277ead386f83226a64ca11ea46219e2642adce7235a4a7fc47aaa9,0xadC358c47953da497e01bdf39B29F473c48861cd,2024-04-03T19:23:55.000000Z,1000000000000000000000,25409801246019022903238
0x7f9c9246bbe80bacbd98ee07292e3c1002e9716050ce2ef60eb7e506115f8126,0x5Bb2a0E2a98c2d927359407997487F95dF28Cc8f,2024-04-03T18:32:53.000000Z,2103899213069336319657,60273147081876555947785
0x896fb3178856c427fc289580666d7038a9a8fcf3c857b8b9a22ab4189ed62f31,0xEB60A4700050187B0B758408a5266571b1b9e570,2024-04-03T18:32:41.000000Z,2710000000000000000000,77999255702253353704208
0x8414542034a3c4f498c3d61ac5beed44af9e0580c35cc19c9467c0f68d25cf28,0xbdd6bdcd88fe54FB6613FA192e15B1e65676Bd9F,2024-04-03T18:29:12.000000Z,16999000000000000000000,520051423128365859392600
0xc7257a8ebb89a1859fa48d7849b415908277a9ebad6050dc03921d65f96cfa03,0x9CE153cFa091D1Cb364a147577c1Dd626486fCf8,2024-04-03T18:21:08.000000Z,147800000000000000000000,5139840490875584318933025
0x11890851cfeed1cbb00949df1c6077e1305e888538b7a6506f6551877052cb8a,0x75640B1eB20E9473AD40Fcb600B016eefcAE2A7F,2024-04-03T18:03:23.000000Z,2000000000000000000000,65361842004617591515917
0x6b647abdb44d67f01a583b5335fcf9c9436b92f076f9cb46f523fe8df7e11db8,0x4D59A802D028148753326010117924f8B5f41fF8,2024-04-03T17:22:04.000000Z,3500000000000000000000,146893988240717486404046
0x3ee2dedbfbbb2b72b1ea05c35cddf23156247b299030de08acf35846e3a616ce,0x1084b55cB63dE549806A521036F7dad2d37E3fAE,2024-04-03T16:51:55.000000Z,6100000000000000000000,198939701345440681102425
0xf136ea790c8e6ac5cd6ebda109d70a920986ebdc93b51151f00e1abad951d7d5,0x034CC76903A2058Ed481ea9fb144513fbABD2E7b,2024-04-03T16:49:49.000000Z,29000000000000000000000,743873694563214515282188
0xe77d51a06bb9c8068058028eb85946b59a88c1a2c597853330142c73758edd1c,0xAe220d647426E368AC321EFec83a9D696bF84E7a,2024-04-03T16:45:53.000000Z,700000000000000000000,24147471062892296832158
0x0db4331a0183a1690d955553b641bdcced464541792fa4934f65ebabca067ef2,0xdc99d5847241Ec369018E762248A1Ec0E56a32cA,2024-04-03T16:41:51.000000Z,2000000000000000000000,72204394608765948373174
0x06d649663a1b4d3395767c54e2d0ef35adbbc4a86c5f9026c686bbf8fb3ac022,0x5610bC64C143F0f104F7e65D9105863E5addd50d,2024-04-03T16:41:32.000000Z,6686780441256515784330,246526990357802292104074
0xfb3b82dbcd70b67c6a9eab6e90f25837cb9b0968c8e1ddb76a991df15bdc0d5d,0x198109B0D2C786a230d18b622D3B7A1946131E09,2024-04-03T16:39:15.000000Z,30000000000000000000000,1170624254747481814822511
0x9d1b4210666ea9623c16cb248055ae68c7caac61e316d3ab0a55a6d33325f3de,0xF37Af254F324F90B2ef724fFbDf73c4c2C55CF26,2024-04-03T16:36:18.000000Z,2000000000000000000000,72161023434357845026915
0xdcb48e38e88a6d95f2c729b81f843afdfa73a09ab75f7962fd2b01f82bbd9221,0x04554b17deBbD7227df76126922ff50108A6F218,2024-04-03T16:36:02.000000Z,145000000000000000000,3713165093243078399779
0x03ff8935fd784421f2f77eefb866720ad77fee1d61bab2bd0ea5fe1a065cb564,0x8238c2c2a571E3e60E11Cbbb64C22369bFbCbe6a,2024-04-03T16:30:46.000000Z,9400000000000000000000,414208618292455901561041
0xe39c350e6c8831895250cba32da49cc1b98273a84dda1e90277f9d5648166e70,0x8B8dea3088Fc60eFF7E201a5cB2ddaeEaC7b575B,2024-04-03T16:29:56.000000Z,520000000000000000000,25095999082268318285454
0x740ab8b6c913e09986902a2658bcdd895347305e6ccf7558346548a2fd63e905,0x1F477E6110c82C2DE21ad0C6e4d0dE706437B6b1,2024-04-03T16:25:50.000000Z,2000000000000000000000,77102647655876418141850
0x7046718a1a2d1a51050125cd48bb246d1edefae8ce7d570163387bf4c68fa3b3,0x68924867DBD60CCe635AAB7bAC5F539f06cE6697,2024-04-03T16:25:24.000000Z,10000000000000000000000,401291462096028929200143
0x6fe51e1fc6833f214c3f69474ce02d03a740426c4f1e0744eb37836bd38b8f63,0x45698cdCC733cBA4f8B1150C2f580587adF1Df92,2024-04-03T16:12:04.000000Z,10000000000000000000000,889654405762869733691880
0xf1c9257866d30cebd42534128ddd478ac6c89bd3b3ad3be5230f0097fb9ca198,0xb70BE06a15A7e823d687Ef6b3792729D4b4B556d,2024-04-03T15:23:40.000000Z,1800000000000000000000,138128148056231969410292
0x5310d8e987627d487e16c48e6afae0b6246a435812350a2b04a29f0b20428b6f,0xf37d5A7C9C75C8a2D87B015EF386Ebb516A5BcB6,2024-04-03T09:18:46.000000Z,2700000000000000000000,209970988549763180499399
0xdd136353d36a33fd62bf5406d2b9ca8d9a76835451521b26aca02005e6e635c5,0xc8583Fa45B2EeD1039c70D5D63919501bbc076B4,2024-04-03T08:31:49.000000Z,1411989685020265000000,107547273215855659321366
0x0fec08aa586e3eab4cf572be6d43bfb7e9a4887f3beb9711ee5f40349aa4b17f,0xDF4DAcA3B024cd440a069C16abD1d640BCfBf94a,2024-04-03T08:27:59.000000Z,1500000000000000000000,109618870137842725380039
0xd4a09bc16c09ef789c652a3709db4a7c1557a87f68ef3079aea97f8c2051004b,0x4a585d04D730E8558398d95137265E10495389b1,2024-04-03T08:23:21.000000Z,8500000000000000000000,653719280246044081157620
0x0ac68351d341017a2112fa33be3405808ace25cf1f343fc5a589c0d465c667e3,0x9C99BF82fC38713C471D4415f66c8336D361501a,2024-04-03T08:13:16.000000Z,3000000000000000000000,219287311828369726864634
0x07b9a38f0b48ae89f267278431240680b517de54480e936ccd6c0797d048c7b7,0x92C23cFf72b4fc1E1147C12009F98848831dFF5F,2024-04-03T07:48:05.000000Z,1185000000000000000000,76741065545133944989734
0xe1b6e06e1d6eddb46138e8ca4d80d62d7813586f104fc8dd27e4110efaaafef4,0xdc75C943F4F2271E9f7a18Fa593cE2e2e4Fded2d,2024-04-03T07:46:17.000000Z,1600000000000000000000,103837740583803794187425
0x6f93a8c8d60845952f503646bbc1c0474ef647124da323660db31fca2e4d9aa8,0x2619EC98AE636766072a0F6177b464FE88A876b2,2024-04-03T07:42:47.000000Z,800000000000000000000,54251402129023594802183
0x71fdfb8f1b7ed301d10c29b25155b6a0a8ab763e7dd3880a6da6232fe0686c07,0x4cBca671D955348a1E79a09607EBD07E75d54a24,2024-04-03T07:27:47.000000Z,1610000000000000000000,105102046356831003330248
0xe936cdc0ab3356edab80aa6bef1f759396408ee03fa787abd8365d038fc94cde,0x86E401682BBdfFCBb7193e237E3937F857827d9a,2024-04-03T07:14:39.000000Z,1450000000000000000000,84258824931467804692701
0x8a6ffc62415e0aa197346b0c66db0b8e902de11b3885fab99cf18054fb0842b9,0x50AFdf19219514c2b275A7F684C5F5190139814e,2024-04-03T07:07:56.000000Z,2500000000000000000000,158700785416589889890592
0x19105101270535a401daf4118ec1753f432502fdaa5223b60a7d69845453c12b,0x429Ca032B8762348AE732272724891f02559aD86,2024-04-03T06:56:02.000000Z,2819158743770242734794,198444490182882149793801
0x2a9eaa72ca0d49e97a772063ede7cf7dabb6431722be7fcfd49eee968113fd1f,0x481C36a595b8f71A87f6e4A0476e67733edd6835,2024-04-03T06:47:18.000000Z,10000000000000000000000,911859366279444170374216
0x262dfb333fd7fa03bcc8ff1347a6eeb95eb056b19484e9a5ea7d2e83f3a9ff93,0x429Ca032B8762348AE732272724891f02559aD86,2024-04-03T06:46:36.000000Z,7481931859528009326,685085315733738902718
0x2667308ba7540947b3feb45a7caf1a6f9c307b3eacc951647c1493463336c683,0x68AE66cD6b2cF1842561981712214c108fb9c660,2024-04-03T06:04:11.000000Z,50000000000000000000,4006209686056557435239
0xf9d4bb3c6b5e0d7316a017770e92526fa8a0da905d3082133e8228be918480ce,0xE3ff24a97BFB65CAdEF30F6Ad19a6EA7E6F6149d,2024-04-03T05:45:10.000000Z,24900000000000000000000,1996099337551690221223373
0xa13ab05271c56f960c5af36d2c763dadf8edec9bf070829b81f3e86a4c055b30,0xca8603384c65D7CA8667d7Ff57b5F2fCde354118,2024-04-03T05:27:50.000000Z,500000000000000000,39497603343301603839
0x0456a2abc3be85771b2ad6cdc06ec93541738b31747c650f00964147fd17c63f,0x5DdCb1a6c043B88f7359f098Bbb018362CFe4D26,2024-04-03T05:15:43.000000Z,20000000000000000000000,1833781603470316222506531
0x9badf20213d1350c11c9498cc839830d712fd27fe8c35d7b33c4ce1f3009305c,0x68924867DBD60CCe635AAB7bAC5F539f06cE6697,2024-04-03T05:14:39.000000Z,20336556398585762092801,1957404852679912849756760
0x2d2f933232b61b505feccd90789637e17dca7437732086fad4332be7cd323f74,0x481C36a595b8f71A87f6e4A0476e67733edd6835,2024-04-03T05:14:25.000000Z,20000000000000000000000,2007124143101838651499686
0xc1501f8787df05d65e502dbb610367b194f40096f6bfe9da42991c6c49be20af,0xEfD5cd6C545DdE8bFA2fe9FA05E9168fb53D100C,2024-04-03T05:01:06.000000Z,1258989615725305000000,84984397769712075593912
0x0ffde7163ee9af69b4546268b806818951d32be2de5515e04fb5582b2941d8f0,0x481C36a595b8f71A87f6e4A0476e67733edd6835,2024-04-03T04:55:37.000000Z,39000000000000000000000,3160183959290131438642361
0xb880a02978fab20aeb6909ced2e089f43f62c01fab74a07866635bdd7ff24b29,0xe3f4dB6Aa852aDBd39F007Ec380542F10cAcb9CA,2024-04-03T04:50:17.000000Z,7800000000000000000000,681030055524026781953766
0xd64a590f63c05abb5ff1f1a22503a868ed4875bf39fe17364a37f08c9b3646e1,0x51431c7b44589cf434FcB76900C3Dc3713f5b407,2024-04-03T04:49:13.000000Z,3829154060388652505875,327347113617716369150230
0x849cec6b8e0d487990133c36132adf3c9b7e586e4db3ad9d275b5c90ec188212,0x919D7E048c86b9d1413C4Da8457e7e84a4786b78,2024-04-03T04:48:52.000000Z,41359205494683557246701,3691933373215375225753874
0x03a094814b68332e4882767e9b29c3700964651c333d1dd594f5ce562c9222fe,0x233327df3A77702822abDafFCcD2Fe1CEe6cf01C,2024-04-03T04:41:54.000000Z,12006926204635796567000,959825301161506360514325
0xb39b0f5d3750e822b117c45ceed84db36d28d39c7b92b8ce794f2bf0e8e1c652,0x517268395D9E0894D34Be99f03F8114320D5f1f4,2024-04-03T04:39:50.000000Z,23007049762643794972703,2076757730091234535252006
0xebceff21b35d3482f23584ddb7143169d340ea8b0fb2253ccd879a790a9d4954,0x1a7E882De720e5D3f2bC554cb5558f7892a91ea9,2024-04-03T04:38:54.000000Z,5000000000000000000000,509452672840419464037655
0xe99653bbfbe963127a37ea14007116f36ae17832a97bc4728e8e0130aa8e41c0,0xBE53508700d6365f74FafCb73EaFDE62cEDDc61b,2024-04-03T04:38:39.000000Z,1214963189884914068760,124635654901879217676558
0x77a4d903395bbd1aacf9efb2679783f27f2b6174381191ec00e9d66c6609986f,0x481C36a595b8f71A87f6e4A0476e67733edd6835,2024-04-03T04:36:14.000000Z,29500000000000000000000,3631698745272364392488265
0x5e4da3d4228e873366cb9ed0d0a7d90eb78c429db20eaec5e5b653fef4ef625a,0x384C7A57CBC6A41BD49890898B2f9b3F469B075E,2024-04-03T04:32:25.000000Z,2000000000000000000000,283001308942113824587468
0xa98bf2f2f8a8312d38b0e67f75a41b4c7ea3da39c551983dc237a3d9c9dc6044,0xD80BA584A2480E15c8533E9bE0f53534cA8cb663,2024-04-03T04:23:28.000000Z,1600000000000000000000,196216653027484294481215
0x16385a57c848379e0ad626b65dd4ea97b7ee66f3cd86b737d8d3188dfd181983,0x3346857e5717918801428184d4e63dfb9f38E51f,2024-04-03T04:22:41.000000Z,10000000000000000000000,1137416526962484230557898
0x90e743fb80c7a3f8c0e19571981112d93adaed6243f3dcea98729c780342b69d,0x8fEaFd5e0FCefdd2624906c0F913D563306aAe17,2024-04-03T03:59:24.000000Z,4833985994528103557860,922009919261445687295883
0xc38f2f018e6623e7f7ee583d72df4f4f4d55122db3ba71755a058e1d333b6472,0x8568758CF2B25Fc4B53391331B87032b26338863,2024-04-03T03:00:45.000000Z,1153159658129348040383,223606124393310588978905
0xa39b30db2d533a8ab723beb0fe2afea2b04274e77dfa4586569a423f48a957ba,0x474b48f1251b7D46CD6F5A7ED4E6F5b5282fB240,2024-04-03T02:39:51.000000Z,5000727959633334874966,668360670627525733164187
0x10ef88011c5e972a9cafcee25b1aa8ec41fe980d96f2e4d61e48ab467f75d21f,0x9E0d4C70713C2Ebf8Db94c76ca72322A7eC7129f,2024-04-03T02:33:51.000000Z,8000000000000000000000,734405632825118968645009
0x2d6c4c00d0a72f4be90e0551864933b332f16ad266113bfc6437149708c1f63f,0xD6cfB52041C3Da4d029708bD25bD487B015a56c8,2024-04-03T02:32:26.000000Z,7000000000000000000000,451122161527850903291315
0x2a20d859bd2b212aa6d57fdb0b09c2833d3f9da3d36ad542f912e8eab752eba6,0x6D424cd4EA7F54eb0b21f34844eF820EfA091b09,2024-04-03T02:30:56.000000Z,7000000000000000000000,667873076968198696107018
